,geoName,geoCode,a,the,and,be,of,in,to,Словаччина,Румунія,Польща,Німеччина,Австрія,Білорусь,Молдова,Кишинів,Тирасполь,Бельці,Бухарест,Клуж-Напока,Тімішоара,Ясси,Констанца,Брашов,Галац,Варшава,Краків,Лодзь,Вроцлав,Познань,Гданськ,Щецин,Бидгощ,Люблін,Білосток,Катовіце,Берлін,Лейпциг,Дрезден,Нюрнберг,Мюнхен,Відень,Грац,Мінськ,Гомель,Могилів,Вітебськ,Жодзіна,Гродна,Брест,Будапешт,Дебрецен,Сегед,Мішкольц,Братислава,Кошице,Жиліна,Пряшів,Бабруйськ,Баранавічі,Барисава,Пінськ,паланка,Бендер,Угорщина,Берегове,ДВК,Дьєр,Березова церква,Коза,Словакія,нітра,Банська Бистриця,Мартин,Трнава,Trenčín,Попрад,Жешув,Перемишль,Корчова,Крайова,Плоєсти,Орадя,Пітешті,Гамбург,Рибниця,Унгени,Кагул,Сорока,Орхей,Комрат,Дубасарі,Страсені,Чадір-Лунга,Каушені,Дрокія,Единец,Вулканешти,Дурлесті,Хінчештський,Яловені,похвалитися,Калараш,ліс,Тараклія,Флорешти,Постійний,Плоешть,Місто Орадя,Браїла,Арад,Пітешть,Сібіу,Бакеу,Тиргу Муреш,Бая Маре,Бузау,Ботошань,Сату Маре,Римнику-Валча,Дробета Турну-Северін,Сучава,П'ятра-Нямц,Таргу Жиу,Гдиня,Ченстохова,Радом,Бігти,Сосновець,Кельце,Глівіце,Ольштин,Забже,Бельсько-Бяла,Битом,зелена гора,Рибник,Могильовська,Гродно,Бобруйськ,Барановичі,Борисів,Пінська,Орша,Мазир,Салігорськ,Ліда,Новополоцьк,Маладзечна,Полоцьк,Жлобін,Світлагорськ,Речиця,Слуцьк,Кобрин,Слонім,Вавкависьк,Печ,Nyíregyháza,Кечкемет,Секешфехервар,Сомбатхей,Ерд,Сольнок,Татабанья,Шопрон,Капошвар,Веспрем,Бекешчаба,Залаегерсег,миша,Надьканіжа,Дунакесі,Hódmezővásárhely,Дунауйварош,Сігетсентміклош,Сеглед,Нітра,Тренчин,Мартін,Прієвідза,Обраний,Поважська Бистриця,Міхаловце,Нове Замкі,Спішська Нова Весь,Комарно,Гуменне,Левіце,Бардейов,Ліптовський Мікулаш,Лученець,П'єштяни,Ружомберок,Топольчани
0,Cherkas'ka oblast,UA-71,0.7432432432432432,0.8108108108108107,0.777027027027027,0.10135135135135134,0.9459459459459459,1.0,0.8918918918918919,0.0,0.0,0.1474201474201474,0.02106002106002106,0.02106002106002106,0.05265005265005265,0.025076623014767343,0.0,0.0,0.0,0.0,0.0,0.0,0.0,0.0,0.0,0.0,0.11056511056511055,0.0,0.02828409805153991,0.10370835952231301,0.0,0.0,0.0,0.0,0.025076623014767343,0.0,0.0,0.0,0.0,0.0,0.0,0.05175388154111558,0.0,0.0,0.02587694077055779,0.02587694077055779,0.0,0.0,0.0,0.0,0.025076623014767343,0.13199245757385292,0.0,0.0,0.0,0.0,0.0,0.0,0.0,0.0,0.0,0.0,0.0,0.0,0.0,0.025076623014767343,0.0,0.0,0.0,0.0,0.05175388154111558,0.0,0.0,0.0,0.025076623014767343,0.0,0.0,0.0,0.0,0.0,0.0,0.0,0.0,0.0,0.0,0.0,0.0,0.0,0.0,0.025076623014767343,0.0,0.0,0.0,0.0,0.0,0.0,0.0,0.0,0.0,0.0,0.0,0.0,0.0,0.0,0.08019008019008018,0.0,0.0,0.0,0.0,0.0,0.0,0.0,0.0,0.0,0.0,0.0,0.0,0.0,0.0,0.0,0.0,0.0,0.0,0.0,0.0,0.0,0.0,0.0,0.0,0.0,0.0,0.0,0.0,0.0,0.0,0.0,0.0,0.0,0.0,0.0,0.0,0.0,0.0,0.0,0.0,0.0,0.0,0.0,0.0,0.0,0.0,0.0,0.0,0.0,0.0,0.0,0.0,0.0,0.0,0.0,0.0,0.0,0.0,0.0,0.0,0.0,0.0,0.0,0.0,0.0,0.0,0.0,0.0,0.0,0.0,0.0,0.0,0.0,0.0,0.0,0.0,0.0,0.0,0.0,0.0,0.0,0.0,0.0,0.0,0.0,0.0,0.0,0.0,0.0,0.0,0.0
1,Chernihivs'ka oblast,UA-74,0.325,0.875,0.2,0.1,1.0,0.875,0.75,0.0,0.0,0.09603658536585366,0.0,0.0,0.09603658536585366,0.0,0.0,0.0,0.0,0.0,0.0,0.0,0.0,0.0,0.0,0.0,0.09722222222222222,0.0,0.0,0.0,0.2052469135802469,0.0,0.0,0.0,0.0,0.0,0.0,0.0,0.0,0.0,0.0,0.0,0.0,0.0,0.0,0.09722222222222222,0.0,0.0,0.0,0.0,0.0,0.0,0.0,0.0,0.0,0.0,0.0,0.0,0.0,0.0,0.0,0.0,0.0,0.0,0.0,0.09722222222222222,0.0,0.0,0.0,0.0,0.0,0.0,0.0,0.0,0.0,0.0,0.0,0.0,0.09722222222222222,0.0,0.0,0.0,0.0,0.0,0.0,0.0,0.0,0.0,0.0,0.0,0.0,0.0,0.0,0.0,0.0,0.0,0.0,0.0,0.0,0.0,0.0,0.0,0.0,0.0,0.09722222222222222,0.0,0.0,0.0,0.0,0.0,0.0,0.0,0.0,0.0,0.0,0.0,0.0,0.0,0.0,0.0,0.0,0.0,0.0,0.0,0.0,0.0,0.0,0.0,0.0,0.0,0.0,0.0,0.0,0.0,0.0,0.0,0.0,0.0,0.0,0.0,0.0,0.0,0.0,0.0,0.0,0.0,0.0,0.0,0.0,0.0,0.0,0.0,0.0,0.0,0.0,0.0,0.0,0.0,0.0,0.0,0.0,0.0,0.0,0.0,0.0,0.0,0.0,0.0,0.0,0.0,0.0,0.0,0.0,0.0,0.0,0.0,0.0,0.0,0.0,0.0,0.0,0.0,0.0,0.0,0.0,0.0,0.0,0.0,0.0,0.0,0.0,0.0,0.0,0.0,0.0,0.0
2,Chernivets'ka oblast,UA-77,0.7096774193548387,1.0,0.5806451612903226,0.0967741935483871,0.8387096774193549,0.7894736842105263,0.7631578947368421,0.0,0.07894736842105263,0.043478260869565216,0.0,0.043478260869565216,0.0,0.08695652173913043,0.0,0.0,0.0,0.08695652173913043,0.0,0.0,0.0,0.0,0.0,0.0,0.17647058823529413,0.0,0.0,0.08695652173913043,0.0,0.0,0.04166666666666667,0.0,0.0,0.0,0.0,0.0,0.0,0.0,0.0,0.0,0.0,0.0,0.0,0.0,0.0,0.0,0.0,0.0,0.0,0.08695652173913043,0.0,0.0,0.0,0.0,0.0,0.0,0.0,0.0,0.0,0.0,0.0,0.0,0.0,0.0,0.0,0.0,0.0,0.0,0.0,0.0,0.0,0.0,0.0,0.0,0.0,0.0,0.04166666666666667,0.0,0.0,0.0,0.0,0.0,0.0,0.0,0.0,0.0,0.0,0.0,0.0,0.0,0.0,0.0,0.0,0.0,0.0,0.0,0.0,0.0,0.0,0.0,0.0,0.0,0.08695652173913043,0.0,0.0,0.0,0.0,0.0,0.0,0.0,0.0,0.0,0.0,0.0,0.0,0.0,0.0,0.0,0.0,0.0,0.3513513513513513,0.0,0.0,0.0,0.0,0.0,0.0,0.0,0.0,0.0,0.0,0.0,0.0,0.0,0.0,0.0,0.0,0.0,0.0,0.0,0.0,0.0,0.0,0.0,0.0,0.0,0.0,0.0,0.0,0.0,0.0,0.0,0.0,0.0,0.0,0.0,0.0,0.0,0.0,0.0,0.0,0.0,0.0,0.0,0.0,0.0,0.0,0.0,0.0,0.0,0.0,0.0,0.0,0.0,0.0,0.0,0.0,0.0,0.0,0.0,0.0,0.0,0.0,0.0,0.0,0.0,0.0,0.0,0.0,0.0,0.0,0.0,0.0,0.0
3,Crimea,UA-43,0.3783783783783784,1.0,0.5405405405405406,0.02702702702702703,0.7567567567567568,0.9459459459459459,0.7567567567567568,0.0,0.0,0.0,0.0,0.0,0.0,0.0,0.0,0.0,0.0,0.010101010101010102,0.0,0.0,0.0,0.0,0.0,0.0,0.010101010101010102,0.0,0.0,0.0,0.0,0.0,0.0,0.0,0.0,0.0,0.0,0.0,0.0,0.0,0.0,0.0,0.0,0.0,0.0,0.0,0.0,0.0,0.0,0.0,0.0,0.05263157894736842,0.0,0.0,0.0,0.0,0.0,0.0,0.0,0.0,0.0,0.0,0.0,0.0,0.0,0.010101010101010102,0.0,0.0,0.0,0.0,0.03092783505154639,0.0,0.0,0.0,0.03092783505154639,0.0,0.0,0.0,0.0,0.0,0.0,0.0,0.0,0.0,0.0,0.0,0.0,0.0,0.0,0.010101010101010102,0.0,0.0,0.0,0.0,0.0,0.0,0.0,0.0,0.0,0.0,0.0,0.0,0.0,0.0,0.0,0.0,0.0,0.0,0.0,0.0,0.0,0.0,0.0,0.0,0.0,0.0,0.0,0.0,0.0,0.0,0.0,0.0,0.0,0.0,0.0,0.0,0.0,0.0,0.0,0.0,0.0,0.0,0.0,0.0,0.0,0.0,0.0,0.0,0.0,0.0,0.0,0.0,0.0,0.0,0.0,0.0,0.0,0.0,0.0,0.0,0.0,0.0,0.0,0.0,0.0,0.0,0.0,0.0,0.010101010101010102,0.0,0.0,0.0,0.0,0.0,0.0,0.0,0.0,0.0,0.0,0.0,0.0,0.04166666666666667,0.0,0.0,0.0,0.0,0.0,0.0,0.0,0.0,0.0,0.0,0.0,0.0,0.0,0.0,0.0,0.0,0.0,0.0,0.0,0.0,0.0,0.0,0.0,0.0
4,Dnipropetrovsk Oblast,UA-12,0.679047619047619,0.8857142857142856,0.5019047619047619,0.11809523809523809,0.7676190476190475,1.0,0.9714285714285714,0.0,0.0,0.029199372056514912,0.029199372056514912,0.0,0.029199372056514912,0.04761904761904761,0.0,0.019047619047619046,0.0,0.008946608946608946,0.0,0.0,0.0,0.0,0.0,0.0,0.2645640074211502,0.009627329192546583,0.019254658385093167,0.0,0.04813664596273292,0.0,0.008946608946608946,0.0,0.0,0.0,0.0,0.0,0.0,0.0,0.009733124018838303,0.06813186813186811,0.009733124018838303,0.009037900874635569,0.0,0.009037900874635569,0.0,0.0,0.0,0.0,0.018075801749271137,0.05714285714285714,0.009523809523809523,0.0,0.0,0.009131075110456553,0.018262150220913105,0.0,0.0,0.0,0.0,0.0,0.0,0.0,0.00932330827067669,0.03729323308270676,0.0,0.0,0.0,0.0,0.018075801749271137,0.0,0.0,0.0,0.0,0.0,0.0,0.0,0.0369047619047619,0.018262150220913105,0.0,0.009131075110456553,0.0,0.0,0.0,0.008946608946608946,0.0,0.0,0.0,0.008946608946608946,0.0,0.0,0.0,0.0,0.0,0.0,0.0,0.0,0.0,0.0,0.0,0.0,0.0,0.0,0.018075801749271137,0.0,0.0,0.0,0.0,0.0,0.0,0.0,0.0,0.0,0.0,0.0,0.0,0.0,0.0,0.0,0.0,0.0,0.0,0.0,0.0,0.0,0.0,0.0,0.0,0.0,0.008946608946608946,0.0,0.0,0.0,0.0,0.0,0.0,0.0,0.0,0.008946608946608946,0.0,0.0,0.0,0.0,0.0,0.0,0.0,0.0,0.0,0.0,0.0,0.0,0.0,0.0,0.0,0.0,0.0,0.0,0.0,0.0,0.0,0.0,0.0,0.0,0.0,0.0,0.0,0.0,0.0,0.0,0.0,0.018075801749271137,0.0,0.0,0.0,0.0,0.0,0.0,0.0,0.0,0.008946608946608946,0.0,0.0,0.0,0.0,0.0,0.0,0.0,0.0,0.0,0.0,0.0,0.0,0.0,0.0,0.0
5,Donetsk Oblast,UA-14,0.45,1.0,0.45,0.025,0.575,0.725,0.775,0.0,0.0,0.0,0.0,0.0,0.0,0.0101010101010101,0.0,0.0,0.0,0.0101010101010101,0.0,0.0,0.0,0.0,0.0,0.0,0.07526881720430108,0.0,0.0,0.0,0.0,0.0,0.0101010101010101,0.0,0.0,0.0,0.0,0.0,0.0,0.0,0.0,0.0101010101010101,0.0,0.0,0.0,0.0,0.0,0.0,0.0,0.0,0.0,0.0,0.0,0.0,0.0,0.0,0.0,0.0,0.0,0.0,0.0,0.0,0.0,0.0,0.0,0.0101010101010101,0.0,0.0,0.0,0.0,0.0101010101010101,0.0,0.0,0.0,0.0,0.0,0.0,0.0,0.0101010101010101,0.0,0.0,0.0,0.0,0.0,0.0,0.0101010101010101,0.0,0.0,0.0,0.0,0.0,0.0,0.0,0.0,0.0,0.0,0.0,0.0,0.0,0.0,0.0,0.0,0.0,0.0,0.0,0.0,0.0,0.0,0.0,0.0,0.0,0.0,0.0,0.0,0.0,0.0,0.0,0.0,0.0,0.0,0.0,0.0,0.0,0.0,0.0,0.0,0.0,0.0,0.0,0.0,0.0,0.0,0.0,0.0,0.0,0.0,0.0,0.0,0.0,0.0,0.0,0.0,0.0,0.0,0.0,0.0,0.0,0.0,0.0,0.0,0.0,0.0,0.0,0.0,0.0,0.0,0.0,0.0,0.0,0.0,0.0,0.0,0.0,0.0,0.0,0.0,0.0,0.0,0.0,0.0,0.0,0.0,0.0,0.0,0.0,0.0,0.0,0.0,0.0,0.0,0.0,0.0,0.0,0.0,0.0,0.0,0.0,0.0,0.0,0.0,0.0,0.0,0.0,0.0,0.0,0.0
6,Ivano-Frankivs'ka oblast,UA-26,0.5641025641025641,0.7435897435897436,0.46153846153846156,0.10256410256410256,0.6923076923076923,0.8205128205128205,1.0,0.0,0.0,0.20475659606094387,0.07543664065403195,0.05388331475287997,0.0,0.05596912048524951,0.0,0.0,0.0,0.0,0.0,0.0,0.0,0.0,0.0,0.0,0.2221112221112221,0.016709881878421207,0.04177470469605302,0.016709881878421207,0.016709881878421207,0.01549145299145299,0.01549145299145299,0.0,0.0,0.0,0.0,0.0,0.0,0.0,0.0,0.015175300889586603,0.0,0.0,0.0,0.0,0.0,0.0,0.0,0.0,0.0,0.015175300889586603,0.0,0.0,0.0,0.0,0.0,0.0,0.0,0.0,0.0,0.0,0.0,0.01549145299145299,0.0,0.01549145299145299,0.0,0.0,0.0,0.0,0.0,0.0,0.0,0.0,0.015175300889586603,0.0,0.0,0.0,0.015175300889586603,0.03098290598290598,0.0,0.0,0.0,0.0,0.0,0.015175300889586603,0.0,0.0,0.0,0.0,0.0,0.0,0.0,0.0,0.0,0.0,0.0,0.0,0.0,0.0,0.0,0.0,0.0,0.0,0.03098290598290598,0.0,0.0,0.0,0.0,0.0,0.0,0.0,0.0,0.0,0.0,0.0,0.0,0.0,0.0,0.0,0.0,0.0,0.0,0.0,0.0,0.0,0.0,0.0,0.0,0.0,0.0,0.0,0.0,0.0,0.0,0.0,0.0,0.0,0.0,0.0,0.0,0.0,0.0,0.0,0.0,0.0,0.0,0.0,0.0,0.0,0.0,0.0,0.0,0.0,0.0,0.0,0.0,0.0,0.0,0.0,0.0,0.0,0.0,0.0,0.0,0.0,0.0,0.0,0.0,0.0,0.0,0.03098290598290598,0.0,0.0,0.0,0.0,0.0,0.0,0.0,0.0,0.0,0.0,0.0,0.0,0.0,0.0,0.0,0.0,0.0,0.0,0.0,0.0,0.0,0.0,0.0,0.0
7,Kharkiv Oblast,UA-63,0.5770609318996415,0.7777777777777777,0.35125448028673834,0.050179211469534045,0.7526881720430106,1.0,1.0,0.0,0.0,0.0,0.0,0.0,0.0,0.04093567251461988,0.0,0.0,0.0,0.015873015873015872,0.0,0.0,0.0,0.0,0.0,0.0,0.08641975308641975,0.0,0.0,0.06763285024154589,0.0,0.0,0.0,0.0,0.0,0.0,0.0,0.0,0.0,0.0,0.0,0.0,0.0,0.0,0.0,0.0,0.0,0.0,0.0,0.0,0.0,0.04093567251461988,0.0,0.0,0.0,0.04227053140096618,0.02536231884057971,0.0,0.0,0.0,0.0,0.0,0.0,0.0,0.0,0.015873015873015872,0.0,0.0,0.0,0.0,0.0,0.0,0.0,0.0,0.04093567251461988,0.0,0.0,0.0,0.015873015873015872,0.0,0.0,0.0,0.0,0.0,0.0,0.0,0.0,0.0,0.0,0.04093567251461988,0.0,0.0,0.0,0.0,0.0,0.0,0.0,0.0,0.0,0.0,0.0,0.0,0.0,0.0,0.0,0.0,0.0,0.0,0.0,0.0,0.0,0.0,0.0,0.0,0.0,0.0,0.0,0.0,0.0,0.0,0.0,0.0,0.0,0.0,0.0,0.0,0.11621966794380588,0.0,0.0,0.0,0.0,0.0,0.0,0.0,0.0,0.0,0.0,0.0,0.0,0.0,0.0,0.0,0.0,0.0,0.0,0.0,0.0,0.0,0.0,0.0,0.0,0.0,0.0,0.0,0.0,0.0,0.0,0.0,0.015873015873015872,0.0,0.0,0.0,0.0,0.0,0.0,0.0,0.0,0.0,0.0,0.0,0.0,0.015873015873015872,0.0,0.0,0.0,0.0,0.0,0.0,0.0,0.0,0.0,0.0,0.0,0.0,0.0,0.0,0.0,0.0,0.0,0.0,0.0,0.0,0.0,0.0,0.0,0.0
8,Khersons'ka oblast,UA-65,1.0,0.9090909090909091,0.48484848484848486,0.0,0.6363636363636364,0.5371900826446281,0.6198347107438016,0.0,0.0,0.0,0.0,0.0,0.12396694214876033,0.12396694214876033,0.0,0.0,0.0,0.0,0.0,0.0,0.0,0.0,0.0,0.0,0.12396694214876033,0.0,0.0,0.0,0.0,0.0,0.0,0.0,0.0,0.0,0.0,0.0,0.0,0.06198347107438017,0.06198347107438017,0.0,0.0,0.0,0.0,0.0,0.0,0.0,0.0,0.0,0.0,0.0,0.0,0.0,0.0,0.0,0.0,0.0,0.0,0.0,0.0,0.0,0.0,0.13143483023001096,0.0,0.0547645125958379,0.0,0.0,0.0,0.0,0.0,0.0,0.0,0.0,0.0,0.0,0.0,0.0,0.0,0.0,0.0,0.0,0.0,0.0,0.0,0.0,0.0,0.0,0.0,0.0,0.0,0.0,0.0,0.0,0.0,0.0,0.0,0.0,0.0,0.0,0.0,0.0,0.0,0.0,0.05802707930367505,0.0,0.0,0.0,0.0,0.0,0.0,0.0,0.0,0.0,0.0,0.0,0.0,0.0,0.0,0.0,0.0,0.0,0.0,0.0,0.0,0.0,0.0,0.0,0.0,0.0,0.0,0.0,0.0,0.0,0.0,0.0,0.0,0.0,0.0,0.0,0.0,0.0,0.0,0.0,0.0,0.0,0.0,0.0,0.0,0.0,0.0,0.0,0.0,0.0,0.0,0.0,0.0,0.0,0.0,0.0,0.0,0.0,0.0,0.0,0.0,0.0,0.0,0.0,0.0,0.0,0.0,0.0,0.0,0.0,0.0,0.0,0.0,0.0,0.0,0.0,0.0,0.0,0.0,0.0,0.0,0.0,0.0,0.0,0.0,0.0,0.0,0.0,0.0,0.0,0.0,0.0
9,Khmel'nyts'ka oblast,UA-68,0.3181818181818182,1.0,0.3409090909090909,0.11363636363636363,0.5,0.775,0.7250000000000001,0.0,0.0,0.1125,0.08750000000000001,0.0125,0.037500000000000006,0.041666666666666664,0.0,0.0,0.0,0.02040816326530612,0.0,0.0,0.0,0.0,0.0,0.0,0.041666666666666664,0.010752688172043012,0.021505376344086023,0.021505376344086023,0.021505376344086023,0.02040816326530612,0.0,0.0,0.0,0.0,0.0,0.02040816326530612,0.0,0.0,0.0,0.041666666666666664,0.0,0.0,0.02040816326530612,0.0,0.0,0.0,0.0,0.0,0.0,0.0,0.0,0.0,0.0,0.020833333333333332,0.020833333333333332,0.0,0.0,0.0,0.0,0.0,0.0,0.0,0.0,0.14942528735632185,0.0,0.0,0.0,0.0,0.0,0.0,0.0,0.0,0.0,0.0,0.0,0.0,0.0,0.02040816326530612,0.0,0.0,0.0,0.0,0.0,0.02040816326530612,0.0,0.0,0.0,0.0,0.0,0.0,0.0,0.0,0.0,0.0,0.0,0.0,0.0,0.0,0.0,0.0,0.0,0.0,0.02040816326530612,0.0,0.0,0.041666666666666664,0.0,0.0,0.0,0.0,0.0,0.0,0.0,0.0,0.0,0.0,0.0,0.0,0.0,0.0,0.0,0.0,0.0,0.0,0.0,0.0,0.0,0.0,0.0,0.0,0.0,0.0,0.0,0.0,0.0,0.0,0.0,0.0,0.0,0.0,0.0,0.0,0.0,0.0,0.0,0.0,0.0,0.0,0.0,0.0,0.0,0.0,0.0,0.0,0.0,0.0,0.0,0.0,0.0,0.0,0.0,0.0,0.0,0.0,0.0,0.0,0.0,0.0,0.0,0.0,0.0,0.0,0.0,0.0,0.0,0.0,0.0,0.0,0.0,0.0,0.0,0.0,0.0,0.0,0.0,0.0,0.0,0.0,0.0,0.0,0.0,0.0,0.0,0.0
10,Kirovohrads'ka oblast,UA-35,0.631578947368421,1.0,0.23684210526315788,0.15789473684210525,0.6052631578947368,0.9705882352941176,0.9705882352941176,0.0,0.0,0.030927835051546393,0.0,0.0,0.0,0.07526881720430108,0.0,0.0,0.0,0.0,0.0,0.0,0.0,0.0,0.0,0.0,0.0,0.0,0.0,0.0,0.0,0.0,0.0,0.0,0.0,0.0,0.0,0.0,0.0,0.0,0.0,0.030927835051546393,0.0,0.0,0.03225806451612903,0.0,0.043010752688172046,0.0,0.0,0.0,0.0,0.07526881720430108,0.0,0.0,0.0,0.0,0.0,0.0,0.0,0.0,0.0,0.0,0.0,0.0,0.0,0.07526881720430108,0.0,0.0,0.0,0.0,0.0,0.0,0.0,0.0,0.07526881720430108,0.0,0.0,0.0,0.0,0.0,0.0,0.0,0.0,0.0,0.0,0.0,0.0,0.0,0.0,0.0,0.0,0.0,0.0,0.0,0.0,0.0,0.0,0.0,0.0,0.0,0.0,0.0,0.0,0.0,0.030927835051546393,0.0,0.0,0.0,0.0,0.0,0.0,0.0,0.0,0.0,0.0,0.0,0.0,0.0,0.0,0.0,0.0,0.0,0.0,0.0,0.0,0.0,0.0,0.0,0.0,0.0,0.0,0.0,0.0,0.0,0.0,0.0,0.0,0.0,0.0,0.0,0.0,0.0,0.0,0.0,0.0,0.0,0.0,0.0,0.0,0.0,0.0,0.0,0.0,0.0,0.0,0.0,0.0,0.0,0.0,0.0,0.0,0.0,0.0,0.0,0.0,0.0,0.0,0.0,0.0,0.0,0.0,0.0,0.0,0.0,0.0,0.0,0.0,0.0,0.0,0.0,0.0,0.0,0.0,0.0,0.0,0.0,0.0,0.0,0.0,0.0,0.0,0.0,0.0,0.0,0.0,0.0
11,Kyiv city,UA-30,0.38345864661654133,0.9714285714285714,0.38345864661654133,0.02556390977443609,0.7924812030075188,0.8857142857142858,1.0,0.0,0.0,0.041781874039938556,0.010445468509984639,0.020890937019969278,0.0,0.030357142857142857,0.01011904761904762,0.0,0.0,0.0,0.0,0.0,0.0,0.0,0.0,0.0,0.1850340136054422,0.0,0.0,0.0,0.0,0.0,0.0,0.0,0.0,0.0,0.0,0.0,0.0,0.0,0.0,0.0,0.0,0.0,0.0,0.0,0.0,0.0,0.0,0.0,0.0,0.03004418262150221,0.0,0.0,0.0,0.0,0.0,0.0,0.0,0.0,0.0,0.0,0.0,0.0,0.01011904761904762,0.030357142857142857,0.0,0.0,0.0,0.0,0.0,0.009912536443148687,0.0,0.0,0.009912536443148687,0.0,0.0,0.0,0.04047619047619048,0.019825072886297375,0.0,0.0,0.0,0.0,0.0,0.019825072886297375,0.0,0.0,0.0,0.0,0.0,0.0,0.0,0.0,0.0,0.0,0.0,0.0,0.0,0.0,0.0,0.0,0.0,0.0,0.019825072886297375,0.0,0.0,0.0,0.0,0.0,0.0,0.0,0.0,0.0,0.0,0.0,0.0,0.0,0.0,0.0,0.0,0.0,0.0,0.0,0.0,0.0,0.0,0.0,0.0,0.0,0.0,0.0,0.0,0.0,0.0,0.0,0.0,0.0,0.0,0.019825072886297375,0.0,0.0,0.0,0.0,0.0,0.0,0.0,0.0,0.0,0.0,0.0,0.0,0.0,0.0,0.0,0.0,0.0,0.0,0.0,0.0,0.0,0.0,0.0,0.0,0.0,0.0,0.0,0.0,0.0,0.0,0.0,0.0,0.0,0.0,0.0,0.0,0.0,0.0,0.0,0.0,0.0,0.0,0.0,0.0,0.0,0.0,0.0,0.0,0.0,0.0,0.0,0.0,0.0,0.0,0.0,0.0
12,Kyivs'ka oblast,UA-32,0.42970822281167104,0.6923076923076923,0.4058355437665782,0.0716180371352785,0.7877984084880636,0.8717948717948717,1.0,0.0,0.0,0.0225752508361204,0.0,0.0225752508361204,0.015050167224080266,0.021411578112609037,0.0,0.0,0.0,0.04418985270049099,0.0,0.0,0.0,0.0,0.0,0.0,0.2827735644637053,0.02472527472527472,0.02472527472527472,0.06593406593406592,0.01648351648351648,0.022094926350245497,0.022094926350245497,0.0,0.0,0.0,0.0,0.0,0.04418985270049099,0.022094926350245497,0.0,0.0,0.022094926350245497,0.0,0.0,0.0,0.0,0.0,0.0,0.0,0.0,0.021411578112609037,0.0,0.0,0.0,0.0,0.0,0.0,0.0,0.0,0.0,0.0,0.0,0.0,0.0,0.021411578112609037,0.0,0.0,0.0,0.0,0.0,0.0,0.0,0.0,0.0,0.0,0.0,0.0,0.021411578112609037,0.021411578112609037,0.0,0.0,0.0,0.0,0.0,0.0,0.0,0.0,0.0,0.0,0.0,0.0,0.0,0.0,0.0,0.0,0.0,0.0,0.0,0.0,0.0,0.0,0.0,0.0,0.060200668896321065,0.0,0.0,0.0,0.0,0.0,0.0,0.0,0.0,0.0,0.0,0.0,0.0,0.0,0.0,0.0,0.0,0.0,0.0,0.0,0.0,0.0,0.04418985270049099,0.0,0.0,0.0,0.0,0.0,0.0,0.0,0.0,0.0,0.0,0.0,0.0,0.0,0.0,0.0,0.0,0.0,0.0,0.0,0.0,0.0,0.0,0.0,0.0,0.0,0.0,0.0,0.0,0.021411578112609037,0.0,0.0,0.0,0.0,0.0,0.0,0.0,0.0,0.0,0.0,0.0,0.0,0.0,0.0,0.0,0.0,0.0,0.0,0.0,0.0,0.0,0.0,0.0,0.0,0.0,0.0,0.0,0.0,0.0,0.0,0.0,0.0,0.0,0.0,0.0,0.0,0.0,0.0,0.0,0.0
13,Luhans'ka oblast,UA-09,0.6216216216216216,1.0,0.3783783783783784,0.08108108108108109,0.6216216216216216,0.7837837837837838,0.918918918918919,0.0,0.0,0.0,0.0,0.0,0.0,0.0,0.0,0.0,0.0,0.04166666666666667,0.0,0.0,0.0,0.0,0.0,0.0,0.0,0.0,0.0,0.0,0.0,0.0,0.0,0.0,0.0,0.0,0.0,0.0,0.0,0.0,0.0,0.02040816326530612,0.0,0.0,0.0,0.02040816326530612,0.0,0.0,0.0,0.0,0.04166666666666667,0.02040816326530612,0.0,0.0,0.0,0.0,0.0,0.0,0.0,0.0,0.0,0.0,0.0,0.0,0.0,0.0,0.0,0.0,0.0,0.0,0.0,0.0,0.0,0.0,0.02040816326530612,0.0,0.0,0.0,0.0,0.0,0.0,0.0,0.0,0.0,0.0,0.0,0.0,0.0,0.0,0.0,0.0,0.0,0.0,0.0,0.0,0.0,0.0,0.0,0.0,0.0,0.0,0.0,0.0,0.0,0.0,0.0,0.0,0.0,0.0,0.0,0.0,0.0,0.0,0.0,0.0,0.0,0.0,0.0,0.0,0.0,0.0,0.0,0.0,0.0,0.0,0.0,0.0,0.0,0.0,0.0,0.0,0.0,0.0,0.0,0.0,0.0,0.0,0.0,0.0,0.0,0.0,0.0,0.0,0.0,0.0,0.0,0.0,0.0,0.0,0.0,0.0,0.0,0.0,0.0,0.0,0.0,0.0,0.0,0.02040816326530612,0.0,0.0,0.0,0.0,0.0,0.0,0.0,0.0,0.0,0.0,0.0,0.0,0.0,0.0,0.0,0.0,0.0,0.0,0.0,0.0,0.0,0.0,0.0,0.0,0.0,0.0,0.0,0.0,0.0,0.0,0.0,0.0,0.0,0.0,0.0,0.0,0.0
14,Lviv Oblast,UA-46,0.43308823529411766,0.775,0.41029411764705886,0.04558823529411765,0.6154411764705883,0.725,1.0,0.0,0.0,0.1992857142857143,0.04428571428571429,0.011071428571428572,0.0775,0.07664835164835165,0.0,0.0,0.0,0.02396907216494845,0.0,0.0,0.0,0.009810126582278483,0.0,0.0,0.19620253164556964,0.03604651162790698,0.009011627906976745,0.045058139534883725,0.03604651162790698,0.016145833333333335,0.016145833333333335,0.0,0.0,0.0,0.0,0.02396907216494845,0.0,0.03406593406593407,0.0,0.03406593406593407,0.008516483516483517,0.0,0.0,0.015816326530612247,0.0,0.0,0.0,0.0,0.007828282828282828,0.04078947368421053,0.0,0.0,0.0,0.024473684210526318,0.01631578947368421,0.0,0.0,0.0,0.0,0.0,0.0,0.0,0.008611111111111111,0.06888888888888889,0.008611111111111111,0.0,0.0,0.0,0.0,0.0,0.0,0.0,0.0,0.0,0.0,0.0,0.08611111111111111,0.04946808510638299,0.0,0.0,0.0,0.0,0.0,0.03229166666666667,0.0,0.0,0.0,0.007828282828282828,0.0,0.0,0.0,0.0,0.0,0.0,0.0,0.0,0.0,0.0,0.0,0.0,0.0,0.0,0.06739130434782609,0.0,0.0,0.0,0.0,0.0,0.0,0.0,0.0,0.0,0.0,0.0,0.0,0.0,0.0,0.0,0.0,0.0,0.0,0.0,0.0,0.0,0.007828282828282828,0.0,0.007828282828282828,0.0,0.0,0.0,0.0,0.007828282828282828,0.0,0.0,0.0,0.0,0.0,0.0,0.0,0.0,0.0,0.0,0.0,0.0,0.0,0.0,0.0,0.0,0.0,0.0,0.0,0.0,0.0,0.0,0.0,0.0,0.0,0.0,0.0,0.0,0.0,0.0,0.0,0.0,0.0,0.0,0.0,0.0,0.0,0.007828282828282828,0.0,0.0,0.0,0.0,0.0,0.0,0.0,0.0,0.0,0.0,0.0,0.0,0.0,0.0,0.0,0.007828282828282828,0.0,0.0,0.0,0.0,0.0,0.0,0.0,0.0
15,Mykolaivs'ka oblast,UA-48,0.39144736842105265,0.736842105263158,0.4144736842105264,0.04605263157894737,0.7138157894736843,0.8684210526315791,1.0,0.0,0.026315789473684213,0.03878116343490305,0.0,0.0,0.0,0.0,0.0,0.0,0.0,0.0,0.0,0.0,0.0,0.0,0.0,0.03878116343490305,0.0,0.0,0.0,0.0,0.0,0.0,0.0,0.0,0.0,0.0,0.0,0.0,0.0,0.0,0.03878116343490305,0.0,0.0,0.0,0.0,0.0,0.0,0.0,0.0,0.0,0.0,0.0,0.0,0.0,0.0,0.0,0.0,0.0,0.0,0.0,0.0,0.0,0.0,0.0,0.0,0.0,0.0,0.0,0.0,0.0,0.03878116343490305,0.0,0.0,0.0,0.03878116343490305,0.0,0.0,0.0,0.08187134502923978,0.0,0.0,0.0,0.0,0.0,0.0,0.0,0.0,0.0,0.0,0.0,0.0,0.0,0.0,0.0,0.0,0.0,0.0,0.0,0.0,0.0,0.0,0.0,0.0,0.0,0.0,0.0,0.0,0.0,0.0,0.0,0.0,0.0,0.0,0.0,0.0,0.0,0.0,0.0,0.0,0.0,0.0,0.0,0.0,0.0,0.0,0.0,0.0,0.0,0.0,0.0,0.0,0.0,0.0,0.0,0.0,0.0,0.0,0.0,0.0,0.0,0.0,0.0,0.0,0.0,0.0,0.0,0.0,0.0,0.0,0.0,0.0,0.0,0.0,0.0,0.0,0.0,0.0,0.0,0.0,0.0,0.0,0.0,0.0,0.0,0.0,0.0,0.0,0.0,0.0,0.0,0.0,0.03878116343490305,0.0,0.0,0.0,0.0,0.0,0.0,0.0,0.0,0.0,0.0,0.0,0.0,0.0,0.0,0.0,0.0,0.0,0.0,0.0,0.0,0.0,0.0,0.0,0.0
16,Odessa Oblast,UA-51,0.7096774193548387,1.0,0.5161290322580645,0.06451612903225806,0.9354838709677419,0.8333333333333334,0.9444444444444444,0.0,0.0,0.010101010101010102,0.0,0.0,0.0,0.07608695652173914,0.010869565217391304,0.0,0.0,0.08695652173913043,0.0,0.0,0.0,0.011627906976744186,0.011627906976744186,0.05813953488372093,0.08139534883720931,0.0,0.0,0.020408163265306124,0.0,0.0,0.0,0.0,0.0,0.0,0.0,0.0,0.0,0.02150537634408602,0.0,0.05376344086021505,0.0,0.0,0.0,0.010101010101010102,0.0,0.0,0.0,0.0,0.010101010101010102,0.06382978723404255,0.0,0.0,0.0,0.0,0.010101010101010102,0.0,0.0,0.0,0.0,0.0,0.0,0.04301075268817204,0.0,0.03225806451612903,0.0,0.010204081632653062,0.0,0.0,0.010204081632653062,0.0,0.0,0.0,0.03092783505154639,0.0,0.0,0.0,0.020408163265306124,0.0,0.0,0.0,0.0,0.0,0.0,0.03092783505154639,0.0,0.0,0.0,0.0,0.0,0.0,0.0,0.0,0.0,0.0,0.0,0.0,0.0,0.0,0.0,0.0,0.0,0.0,0.03092783505154639,0.0,0.0,0.0,0.0,0.0,0.0,0.0,0.0,0.0,0.0,0.0,0.0,0.0,0.0,0.0,0.0,0.0,0.0,0.0,0.0,0.0,0.020408163265306124,0.0,0.0,0.0,0.0,0.0,0.0,0.0,0.0,0.0,0.0,0.0,0.0,0.0,0.0,0.0,0.0,0.0,0.0,0.0,0.0,0.0,0.0,0.0,0.0,0.0,0.0,0.0,0.0,0.0,0.0,0.0,0.0,0.0,0.0,0.0,0.0,0.0,0.0,0.0,0.0,0.0,0.0,0.0,0.0,0.020408163265306124,0.0,0.0,0.0,0.0,0.0,0.0,0.0,0.0,0.0,0.0,0.0,0.0,0.0,0.0,0.0,0.0,0.0,0.0,0.0,0.0,0.0,0.0,0.0,0.0
17,Poltavs'ka oblast,UA-53,0.6857142857142857,0.8285714285714286,0.34285714285714286,0.0,1.0,0.8773109243697478,0.7310924369747899,0.0,0.0,0.12977624784853703,0.019965576592082618,0.0,0.019965576592082618,0.04360902255639098,0.0,0.0,0.0,0.0,0.0,0.0,0.0,0.0,0.0,0.0,0.09206349206349207,0.0,0.0,0.04503105590062112,0.02701863354037267,0.0,0.016909620991253645,0.0,0.0,0.0,0.0,0.0,0.0,0.0,0.016909620991253645,0.0,0.0,0.0,0.0,0.0,0.0,0.0,0.0,0.0,0.0,0.016909620991253645,0.0,0.0,0.0,0.016909620991253645,0.0,0.0,0.0,0.0,0.0,0.0,0.0,0.0,0.0,0.016909620991253645,0.0,0.0,0.0,0.0,0.0720496894409938,0.0,0.0,0.0,0.0,0.0,0.0,0.0,0.016909620991253645,0.016909620991253645,0.0,0.0,0.0,0.0,0.0,0.0,0.0,0.0,0.0,0.016909620991253645,0.0,0.0,0.0,0.0,0.0,0.0,0.0,0.0,0.0,0.0,0.0,0.0,0.0,0.0,0.0,0.0,0.0,0.0,0.0,0.0,0.0,0.0,0.0,0.0,0.0,0.0,0.0,0.0,0.0,0.0,0.0,0.0,0.0,0.0,0.0,0.0,0.0,0.0,0.0,0.0,0.0,0.0,0.0,0.0,0.0,0.0,0.0,0.0,0.0,0.0,0.0,0.0,0.0,0.0,0.0,0.0,0.0,0.0,0.0,0.0,0.0,0.0,0.0,0.0,0.0,0.0,0.0,0.0,0.0,0.0,0.0,0.0,0.0,0.0,0.0,0.0,0.0,0.0,0.0,0.0,0.0,0.016909620991253645,0.0,0.0,0.0,0.0,0.0,0.0,0.0,0.0,0.0,0.0,0.0,0.0,0.0,0.0,0.0,0.0,0.0,0.0,0.0,0.0,0.0,0.0,0.0,0.0
18,Rivnens'ka oblast,UA-56,0.4,1.0,0.4857142857142857,0.08571428571428572,0.8857142857142857,0.5348837209302325,0.7441860465116279,0.023255813953488372,0.023255813953488372,0.14285714285714285,0.02857142857142857,0.02857142857142857,0.22857142857142856,0.020408163265306124,0.0,0.0,0.0,0.020408163265306124,0.0,0.0,0.0,0.0,0.0,0.0,0.16279069767441862,0.0,0.0,0.0,0.05263157894736842,0.020408163265306124,0.0,0.0,0.0,0.0,0.020408163265306124,0.0,0.0,0.0,0.020408163265306124,0.0,0.0,0.0,0.0,0.020408163265306124,0.0,0.0,0.0,0.0,0.0,0.0,0.0,0.0,0.0,0.0,0.0,0.0,0.0,0.0,0.0,0.0,0.0,0.0,0.0,0.05263157894736842,0.0,0.0,0.0,0.0,0.0,0.020408163265306124,0.0,0.0,0.0,0.0,0.0,0.0,0.020408163265306124,0.0,0.0,0.0,0.0,0.0,0.0,0.0,0.0,0.0,0.0,0.020408163265306124,0.0,0.0,0.0,0.0,0.0,0.0,0.0,0.0,0.0,0.0,0.0,0.0,0.0,0.0,0.0,0.0,0.0,0.0,0.0,0.0,0.0,0.0,0.0,0.0,0.0,0.0,0.0,0.0,0.0,0.0,0.0,0.0,0.0,0.0,0.0,0.0,0.05263157894736842,0.0,0.0,0.0,0.0,0.0,0.0,0.0,0.0,0.0,0.0,0.0,0.0,0.0,0.0,0.0,0.0,0.0,0.0,0.0,0.0,0.0,0.0,0.0,0.0,0.0,0.0,0.0,0.0,0.0,0.0,0.0,0.0,0.0,0.0,0.0,0.0,0.0,0.0,0.0,0.0,0.0,0.0,0.0,0.0,0.0,0.0,0.0,0.0,0.0,0.0,0.0,0.0,0.0,0.0,0.0,0.0,0.0,0.0,0.0,0.0,0.0,0.0,0.0,0.0,0.0,0.0,0.0,0.0,0.0
19,Sevastopol' city,UA-40,0.4090909090909091,0.5909090909090909,0.22727272727272727,0.045454545454545456,1.0,0.6278409090909091,0.6278409090909091,0.0,0.0,0.0,0.0,0.0,0.0,0.0,0.0,0.0,0.0,0.0,0.0,0.0,0.0,0.0,0.0,0.0,0.0,0.0,0.0,0.0,0.0,0.0,0.0,0.0,0.0,0.0,0.0,0.0,0.0,0.0,0.0,0.0,0.0,0.0,0.0,0.0,0.0,0.0,0.0,0.0,0.037717601547388784,0.0,0.0,0.0,0.0,0.0,0.0,0.0,0.0,0.0,0.0,0.0,0.0,0.0,0.0,0.0,0.0,0.0,0.0,0.0,0.0,0.0,0.0,0.0,0.0,0.0,0.0,0.0,0.0,0.0,0.0,0.0,0.0,0.0,0.0,0.0,0.0,0.0,0.0,0.0,0.0,0.0,0.0,0.0,0.0,0.0,0.0,0.0,0.0,0.0,0.0,0.0,0.0,0.0,0.0,0.0,0.0,0.0,0.0,0.0,0.0,0.0,0.0,0.0,0.0,0.0,0.0,0.0,0.0,0.0,0.0,0.0,0.0,0.0,0.0,0.0,0.0,0.0,0.0,0.0,0.0,0.0,0.0,0.0,0.0,0.0,0.0,0.0,0.0,0.0,0.0,0.0,0.0,0.0,0.0,0.0,0.0,0.0,0.0,0.0,0.0,0.0,0.0,0.0,0.0,0.0,0.0,0.0,0.0,0.0,0.0,0.0,0.0,0.0,0.0,0.0,0.0,0.0,0.0,0.0,0.0,0.037717601547388784,0.0,0.0,0.0,0.0,0.0,0.0,0.0,0.0,0.0,0.0,0.0,0.0,0.0,0.0,0.0,0.0,0.0,0.0,0.0,0.0,0.0,0.0,0.0,0.0
20,Sums'ka oblast,UA-59,0.48936170212765956,0.2127659574468085,0.3617021276595745,0.06382978723404255,1.0,0.44189852700491,0.9819967266775778,0.0,0.0,0.0,0.0,0.0,0.0,0.0,0.0,0.0,0.0,0.0,0.0,0.0,0.0,0.0,0.0,0.0,0.13040494166094715,0.0,0.06520247083047358,0.06520247083047358,0.0,0.0,0.0,0.0,0.0,0.0,0.0,0.0,0.0,0.0,0.0,0.0671892497200448,0.0,0.0,0.0,0.0,0.0,0.0,0.0,0.0,0.0,0.0,0.0,0.0,0.0,0.0,0.0,0.0,0.0,0.0,0.0,0.0,0.0,0.0,0.0,0.13040494166094715,0.0,0.0,0.0,0.0,0.0,0.0,0.0,0.0,0.0671892497200448,0.0,0.0,0.0,0.0671892497200448,0.0,0.0,0.0,0.0,0.0,0.0,0.0671892497200448,0.0,0.0,0.0,0.0,0.0,0.0,0.0,0.0,0.0,0.0,0.0,0.0,0.0,0.0,0.0,0.0,0.0,0.0,0.13040494166094715,0.0,0.0,0.0,0.0,0.0,0.0,0.0,0.0,0.0,0.0,0.0,0.0,0.0,0.0,0.0,0.0,0.0,0.0,0.0,0.0,0.0,0.0,0.0,0.0,0.0,0.0,0.0,0.0,0.0,0.0,0.0,0.0,0.0,0.0,0.0,0.0,0.0,0.0,0.0,0.0,0.0,0.0,0.0,0.0,0.0,0.0,0.0,0.0,0.0,0.0,0.0,0.0,0.0,0.0,0.0,0.0,0.0,0.0,0.0,0.0,0.0,0.0,0.0,0.0,0.0,0.0,0.0671892497200448,0.0,0.0,0.0,0.0,0.0,0.0,0.0,0.0,0.0,0.0,0.0,0.0,0.0,0.0,0.0,0.0,0.0,0.0,0.0,0.0,0.0,0.0,0.0,0.0
21,Ternopil's'ka oblast,UA-61,0.4353288987435329,0.7560975609756099,0.41241685144124174,0.09164818920916483,0.5957132298595714,0.6829268292682927,1.0,0.0,0.0,0.10527940722445199,0.04785427601111455,0.0,0.04785427601111455,0.0233844606487302,0.0,0.0,0.0,0.0,0.0,0.0,0.0,0.0,0.0,0.0,0.23876765083440313,0.0,0.0,0.0,0.0233844606487302,0.0233844606487302,0.0,0.0,0.0,0.0,0.0,0.0,0.0,0.0,0.0,0.02413077322262585,0.02413077322262585,0.0,0.0,0.0,0.0233844606487302,0.0233844606487302,0.0,0.0,0.0,0.0482615464452517,0.0,0.0,0.0,0.0,0.0,0.0,0.0,0.0,0.0,0.0,0.0,0.0,0.0,0.09671015314804313,0.02637549631310267,0.0,0.0,0.0,0.0233844606487302,0.0,0.0,0.0,0.0,0.0,0.0,0.0,0.0233844606487302,0.0233844606487302,0.0,0.0,0.0,0.0,0.0,0.0,0.0,0.0,0.0,0.0,0.0,0.0,0.0,0.0,0.0,0.0,0.0,0.0,0.0,0.0,0.0,0.0,0.0,0.0,0.0482615464452517,0.0,0.0,0.0,0.0,0.0,0.0,0.0,0.0,0.0,0.0,0.0,0.0,0.0,0.0,0.0,0.0,0.0,0.0,0.0,0.0,0.0,0.0,0.0,0.0,0.0,0.0,0.0,0.0,0.0,0.0,0.0,0.0,0.0,0.0,0.0,0.0,0.0,0.0,0.0,0.0,0.0,0.0,0.0,0.0,0.0,0.0,0.0,0.0,0.0,0.0,0.0,0.0,0.0,0.0,0.0,0.0,0.0,0.0,0.0,0.0,0.0,0.0,0.0,0.0,0.0,0.0,0.0,0.0,0.0,0.0,0.0,0.0,0.0,0.0,0.0,0.0,0.0,0.0,0.0,0.0,0.0,0.0,0.0,0.0,0.0,0.0,0.0,0.0,0.0,0.0,0.0
22,Vinnyts'ka oblast,UA-05,0.4222059897735574,0.9189189189189191,0.39737034331628934,0.09934258582907234,0.6457268078889702,0.7837837837837838,1.0,0.0,0.0,0.08463726884779518,0.1330014224751067,0.03627311522048365,0.03627311522048365,0.05992949471210342,0.019976498237367805,0.0,0.0,0.019144144144144146,0.0,0.0,0.019144144144144146,0.0,0.0,0.0,0.1021021021021021,0.0,0.0,0.03828828828828829,0.0,0.019551466359977003,0.019551466359977003,0.019551466359977003,0.0,0.0,0.0,0.03828828828828829,0.0,0.018753447324875896,0.0,0.0,0.0,0.0,0.0,0.0,0.14959145191703332,0.0,0.0,0.0,0.0,0.018753447324875896,0.0,0.0,0.0,0.0,0.0,0.0,0.0,0.0,0.0,0.0,0.0,0.0,0.0,0.07990599294947122,0.0,0.0,0.0,0.0,0.0,0.0,0.0,0.0,0.018753447324875896,0.0,0.0,0.0,0.07990599294947122,0.018753447324875896,0.0,0.0,0.0,0.0,0.0,0.0,0.0,0.0,0.0,0.0,0.0,0.0,0.0,0.0,0.0,0.0,0.0,0.0,0.0,0.0,0.0,0.0,0.0,0.0,0.018753447324875896,0.0,0.0,0.0,0.0,0.0,0.0,0.0,0.0,0.0,0.0,0.0,0.0,0.0,0.0,0.0,0.0,0.0,0.0,0.0,0.0,0.018753447324875896,0.0,0.0,0.0,0.0,0.0,0.0,0.0,0.0,0.0,0.0,0.0,0.0,0.0,0.0,0.0,0.0,0.0,0.0,0.0,0.0,0.0,0.0,0.0,0.0,0.0,0.0,0.0,0.0,0.0,0.0,0.0,0.0,0.0,0.0,0.0,0.0,0.0,0.0,0.0,0.0,0.0,0.0,0.0,0.0,0.0,0.018753447324875896,0.0,0.0,0.0,0.0,0.0,0.0,0.0,0.0,0.0,0.0,0.0,0.0,0.0,0.0,0.0,0.0,0.0,0.0,0.0,0.0,0.0,0.0,0.0,0.0
23,Volyns'ka oblast,UA-07,0.5757575757575758,1.0,0.5454545454545454,0.12121212121212122,0.7878787878787878,0.9705882352941178,0.9705882352941178,0.0,0.0,0.11940298507462686,0.08955223880597016,0.11940298507462686,0.16417910447761191,0.041666666666666664,0.0,0.0,0.0,0.0,0.0,0.0,0.0,0.0,0.0,0.0,0.3698630136986301,0.0449438202247191,0.0,0.07865168539325842,0.0,0.0,0.0,0.0,0.16279069767441862,0.0,0.041666666666666664,0.0,0.0,0.0,0.0,0.043010752688172046,0.03225806451612903,0.0,0.0,0.0,0.0,0.0,0.0,0.0,0.041666666666666664,0.041666666666666664,0.0,0.0,0.0,0.0,0.0,0.0,0.0,0.0,0.0,0.0,0.0,0.0,0.0,0.041666666666666664,0.0,0.0,0.0,0.0,0.0,0.0,0.0,0.0,0.0,0.0,0.0,0.0,0.07526881720430108,0.0,0.0,0.0,0.0,0.0,0.0,0.0,0.0,0.0,0.0,0.041666666666666664,0.0,0.0,0.0,0.0,0.0,0.0,0.0,0.0,0.0,0.0,0.0,0.0,0.0,0.0,0.25,0.0,0.0,0.0,0.0,0.0,0.0,0.0,0.0,0.0,0.0,0.0,0.0,0.0,0.0,0.0,0.0,0.0,0.0,0.0,0.0,0.0,0.0,0.0,0.0,0.0,0.0,0.0,0.0,0.0,0.0,0.0,0.0,0.0,0.0,0.0,0.0,0.0,0.0,0.0,0.0,0.0,0.0,0.0,0.0,0.0,0.0,0.0,0.0,0.0,0.0,0.0,0.0,0.0,0.0,0.0,0.0,0.0,0.0,0.0,0.0,0.0,0.0,0.0,0.0,0.0,0.0,0.041666666666666664,0.0,0.0,0.0,0.0,0.0,0.0,0.0,0.0,0.0,0.0,0.0,0.0,0.0,0.0,0.0,0.0,0.0,0.0,0.0,0.0,0.0,0.0,0.0,0.0
24,Zakarpats'ka oblast,UA-21,0.8823529411764706,1.0,0.5294117647058824,0.029411764705882353,0.5,0.9411764705882353,0.9411764705882353,0.029411764705882353,0.029411764705882353,0.1842105263157895,0.05263157894736842,0.05263157894736842,0.02631578947368421,0.02040816326530612,0.0,0.0,0.0,0.04166666666666667,0.0,0.0,0.0,0.0,0.0,0.0,0.0989010989010989,0.0,0.0,0.05376344086021506,0.021505376344086023,0.0,0.0,0.0,0.0,0.0,0.0,0.0,0.0,0.0,0.02247191011235955,0.07865168539325842,0.02247191011235955,0.0,0.0,0.02040816326530612,0.0,0.0,0.0,0.0,0.0,0.2345679012345679,0.0,0.0,0.0,0.047058823529411764,0.12941176470588237,0.0,0.0,0.0,0.0,0.0,0.0,0.048780487804878044,0.0,0.09756097560975609,0.07317073170731707,0.0,0.0,0.0,0.0,0.04166666666666667,0.0,0.0,0.0,0.0,0.0,0.0,0.07526881720430108,0.0,0.0,0.0,0.0,0.0,0.0,0.0,0.0,0.0,0.0,0.0,0.0,0.0,0.0,0.0,0.0,0.0,0.0,0.0,0.0,0.0,0.0,0.0,0.0,0.0,0.07526881720430108,0.0,0.0,0.0,0.0,0.0,0.0,0.0,0.0,0.0,0.0,0.0,0.0,0.0,0.0,0.0,0.0,0.0,0.0,0.0,0.0,0.0,0.0,0.0,0.0,0.0,0.0,0.0,0.0,0.0,0.0,0.0,0.0,0.0,0.0,0.0,0.0,0.0,0.0,0.0,0.0,0.0,0.0,0.0,0.0,0.0,0.0,0.0,0.0,0.0,0.0,0.0,0.0,0.0,0.0,0.12359550561797752,0.0,0.0,0.0,0.0,0.0,0.0,0.0,0.0,0.0,0.0,0.0,0.02040816326530612,0.0,0.0,0.0,0.0,0.0,0.0,0.0,0.0,0.0,0.0,0.0,0.0,0.05263157894736842,0.0,0.0,0.0,0.0,0.0,0.0,0.0,0.0,0.0,0.0,0.0
25,Zaporiz'ka oblast,UA-23,0.3611111111111111,1.0,0.4444444444444444,0.1111111111111111,0.8611111111111112,0.8108108108108109,0.891891891891892,0.0,0.0,0.0,0.0,0.0,0.030927835051546393,0.030927835051546393,0.0,0.0,0.0,0.030927835051546393,0.0,0.0,0.0,0.0,0.0,0.0,0.08695652173913043,0.0,0.0,0.0,0.052631578947368425,0.0,0.0,0.0,0.0,0.0,0.0,0.0,0.0,0.0,0.0,0.030927835051546393,0.0,0.0,0.0,0.052631578947368425,0.0,0.0,0.0,0.0,0.0,0.052631578947368425,0.0,0.0,0.0,0.0,0.0,0.0,0.0,0.0,0.0,0.0,0.0,0.0,0.0,0.030927835051546393,0.0,0.0,0.0,0.0,0.0,0.0,0.0,0.0,0.0,0.0,0.0,0.0,0.0,0.0,0.0,0.0,0.0,0.0,0.0,0.0,0.0,0.0,0.0,0.0,0.0,0.0,0.0,0.0,0.0,0.0,0.0,0.0,0.0,0.0,0.0,0.0,0.0,0.0,0.0,0.0,0.0,0.0,0.0,0.0,0.0,0.0,0.0,0.0,0.0,0.0,0.0,0.0,0.0,0.0,0.0,0.0,0.0,0.0,0.0,0.0,0.030927835051546393,0.0,0.0,0.0,0.0,0.0,0.0,0.0,0.0,0.0,0.0,0.0,0.0,0.0,0.0,0.0,0.0,0.0,0.0,0.0,0.0,0.0,0.0,0.0,0.0,0.0,0.0,0.0,0.0,0.0,0.0,0.0,0.0,0.0,0.0,0.0,0.0,0.0,0.0,0.0,0.0,0.0,0.0,0.0,0.0,0.030927835051546393,0.0,0.0,0.0,0.0,0.0,0.0,0.0,0.0,0.0,0.0,0.0,0.0,0.0,0.0,0.0,0.0,0.0,0.0,0.0,0.0,0.0,0.0,0.0,0.0
26,Zhytomyrs'ka oblast,UA-18,0.6097560975609756,0.8292682926829268,0.2682926829268293,0.0,0.7317073170731707,1.0,0.6097560975609756,0.0,0.0,0.2013937282229965,0.0,0.04738675958188153,0.10662020905923345,0.10249383392710332,0.0,0.0,0.0,0.0,0.0,0.0,0.0,0.0,0.0,0.0,0.043645699614890884,0.0,0.0,0.0975609756097561,0.04878048780487805,0.0,0.0,0.0,0.0,0.0,0.0,0.0,0.0,0.0,0.0,0.0,0.0,0.0,0.0,0.043645699614890884,0.0,0.0,0.0,0.0,0.0,0.043645699614890884,0.0,0.0,0.0,0.043645699614890884,0.0,0.0,0.0,0.0,0.0,0.0,0.0,0.0,0.0,0.0,0.0,0.0,0.0,0.0,0.0,0.0,0.0,0.0,0.0,0.0,0.0,0.0,0.0,0.0,0.0,0.0,0.0,0.0,0.0,0.0,0.0,0.0,0.0,0.0,0.0,0.0,0.0,0.0,0.0,0.0,0.0,0.0,0.0,0.0,0.0,0.0,0.0,0.0,0.043645699614890884,0.0,0.0,0.0,0.0,0.0,0.0,0.0,0.0,0.0,0.0,0.0,0.0,0.0,0.0,0.0,0.0,0.0,0.0,0.0,0.0,0.0,0.0,0.0,0.0,0.0,0.0,0.0,0.0,0.0,0.0,0.0,0.0,0.0,0.0,0.0,0.0,0.0,0.0,0.0,0.0,0.0,0.0,0.0,0.0,0.0,0.0,0.0,0.0,0.0,0.0,0.0,0.0,0.0,0.0,0.0,0.0,0.0,0.0,0.0,0.0,0.0,0.0,0.0,0.0,0.0,0.0,0.043645699614890884,0.0,0.0,0.0,0.0,0.0,0.0,0.0,0.0,0.0,0.0,0.0,0.0,0.0,0.0,0.0,0.0,0.0,0.0,0.0,0.0,0.0,0.0,0.0,0.0
