,geoName,geoCode,a,the,and,be,of,the1,in,to,Словаччина,Румунія,the2,Польща,Німеччина,Австрія,Білорусь,the3,Молдова,Кишинів,Тирасполь,Бельці,the4,Бухарест,Клуж-Напока,Тімішоара,Ясси,the5,Констанца,Брашов,Галац,Варшава,the6,Краків,Лодзь,Вроцлав,Познань,the7,Гданськ,Щецин,Бидгощ,Люблін,the8,Білосток,Катовіце,Берлін,Лейпциг,the9,Дрезден,Нюрнберг,Мюнхен,Відень,the10,Грац,Мінськ,Гомель,Могилів,the11,Вітебськ,Жодзіна,Гродна,Брест,the12,Будапешт,Дебрецен,Сегед,Мішкольц,the13,Братислава,Кошице,Жиліна,Пряшів,the14,Бабруйськ,Баранавічі,Барисава,Пінськ,the15,паланка,Бендер,Угорщина,Берегове,the16,ДВК,Дьєр,Березова церква,Коза,the17,Словакія,нітра,Банська Бистриця,Мартин,the18,Трнава,Trenčín,Попрад,Жешув,the19,Перемишль,Корчова,Крайова,Плоєсти,the20,Орадя,Пітешті,Гамбург,Рибниця,the21,Унгени,Кагул,Сорока,Орхей,the22,Комрат,Дубасарі,Страсені,Чадір-Лунга,the23,Каушені,Дрокія,Единец,Вулканешти,the24,Дурлесті,Хінчештський,Яловені,похвалитися,the25,Калараш,ліс,Тараклія,Флорешти,the26,Постійний,Плоешть,Місто Орадя,Браїла,the27,Арад,Пітешть,Сібіу,Бакеу,the28,Тиргу Муреш,Бая Маре,Бузау,Ботошань,the29,Сату Маре,Римнику-Валча,Дробета Турну-Северін,Сучава,the30,П'ятра-Нямц,Таргу Жиу,Гдиня,Ченстохова,the31,Радом,Бігти,Сосновець,Кельце,the32,Глівіце,Ольштин,Забже,Бельсько-Бяла,the33,Битом,зелена гора,Рибник,Могильовська,the34,Гродно,Бобруйськ,Барановичі,Борисів,the35,Пінська,Орша,Мазир,Салігорськ,the36,Ліда,Новополоцьк,Маладзечна,Полоцьк,the37,Жлобін,Світлагорськ,Речиця,Слуцьк,the38,Кобрин,Слонім,Вавкависьк,Печ,the39,Nyíregyháza,Кечкемет,Секешфехервар,Сомбатхей,the40,Ерд,Сольнок,Татабанья,Шопрон,the41,Капошвар,Веспрем,Бекешчаба,Залаегерсег,the42,миша,Надьканіжа,Дунакесі,Hódmezővásárhely,the43,Дунауйварош,Сігетсентміклош,Сеглед,Нітра,the44,Тренчин,Мартін,Прієвідза,Обраний,the45,Поважська Бистриця,Міхаловце,Нове Замкі,Спішська Нова Весь,the46,Комарно,Гуменне,Левіце,Бардейов,the47,Ліптовський Мікулаш,Лученець,П'єштяни,Ружомберок,the48,Топольчани
0,Cherkas'ka oblast,UA-71,15,42,15,2,26,38,27,35,0,0,85,7,5,1,2,97,3,0,0,0,100,0,0,0,0,91,0,0,0,9,99,0,1,0,0,100,0,0,0,0,100,0,0,0,0,98,0,1,0,1,100,0,0,0,0,100,0,0,0,0,99,1,0,0,0,97,2,1,0,0,100,0,0,0,0,97,3,0,0,0,100,0,0,0,0,98,0,0,0,2,100,0,0,0,0,99,1,0,0,0,99,0,0,1,0,99,0,0,1,0,100,0,0,0,0,100,0,0,0,0,100,0,0,0,0,99,0,1,0,0,100,0,0,0,0,100,0,0,0,0,100,0,0,0,0,100,0,0,0,0,100,0,0,0,0,100,0,0,0,0,100,0,0,0,0,100,0,0,0,0,100,0,0,0,0,100,0,0,0,0,100,0,0,0,0,100,0,0,0,0,100,0,0,0,0,100,0,0,0,0,100,0,0,0,0,100,0,0,0,0,99,1,0,0,0,100,0,0,0,0,99,0,1,0,0,100,0,0,0,0,100,0,0,0,0,100,0,0,0,0,100,0
1,Chernihivs'ka oblast,UA-74,12,32,17,4,35,41,31,28,0,0,82,12,0,3,3,100,0,0,0,0,100,0,0,0,0,97,0,0,0,3,100,0,0,0,0,100,0,0,0,0,100,0,0,0,0,100,0,0,0,0,97,0,0,3,0,100,0,0,0,0,100,0,0,0,0,100,0,0,0,0,100,0,0,0,0,97,0,3,0,0,100,0,0,0,0,100,0,0,0,0,100,0,0,0,0,100,0,0,0,0,100,0,0,0,0,100,0,0,0,0,100,0,0,0,0,100,0,0,0,0,100,0,0,0,0,100,0,0,0,0,100,0,0,0,0,100,0,0,0,0,100,0,0,0,0,100,0,0,0,0,100,0,0,0,0,100,0,0,0,0,100,0,0,0,0,100,0,0,0,0,100,0,0,0,0,100,0,0,0,0,100,0,0,0,0,100,0,0,0,0,100,0,0,0,0,100,0,0,0,0,100,0,0,0,0,100,0,0,0,0,100,0,0,0,0,100,0,0,0,0,97,0,0,0,3,100,0,0,0,0,100,0,0,0,0,100,0,0,0,0,100,0
2,Chernivets'ka oblast,UA-77,25,34,16,3,22,33,35,29,0,3,93,7,0,0,0,95,4,1,0,0,99,1,0,0,0,93,1,0,0,6,95,0,4,1,0,97,1,2,0,0,100,0,0,0,0,100,0,0,0,0,97,0,0,0,3,99,0,0,0,1,100,0,0,0,0,100,0,0,0,0,100,0,0,0,0,99,0,0,1,0,100,0,0,0,0,97,0,0,0,3,100,0,0,0,0,99,1,0,0,0,99,0,0,1,0,99,0,0,1,0,100,0,0,0,0,100,0,0,0,0,100,0,0,0,0,95,0,5,0,0,100,0,0,0,0,100,0,0,0,0,100,0,0,0,0,95,0,0,0,5,100,0,0,0,0,99,0,1,0,0,100,0,0,0,0,100,0,0,0,0,100,0,0,0,0,100,0,0,0,0,100,0,0,0,0,100,0,0,0,0,100,0,0,0,0,100,0,0,0,0,100,0,0,0,0,100,0,0,0,0,93,7,0,0,0,100,0,0,0,0,97,0,2,0,1,100,0,0,0,0,100,0,0,0,0,100,0,0,0,0,100,0
3,Crimea,UA-43,28,33,17,1,21,34,42,24,0,0,100,0,0,0,0,99,1,0,0,0,100,0,0,0,0,97,0,0,0,3,100,0,0,0,0,100,0,0,0,0,100,0,0,0,0,99,0,0,1,0,99,0,0,1,0,97,0,0,0,3,98,2,0,0,0,100,0,0,0,0,100,0,0,0,0,100,0,0,0,0,98,0,0,0,2,99,0,0,0,1,100,0,0,0,0,100,0,0,0,0,99,0,0,1,0,100,0,0,0,0,100,0,0,0,0,100,0,0,0,0,100,0,0,0,0,100,0,0,0,0,100,0,0,0,0,100,0,0,0,0,100,0,0,0,0,100,0,0,0,0,100,0,0,0,0,100,0,0,0,0,100,0,0,0,0,100,0,0,0,0,100,0,0,0,0,100,0,0,0,0,100,0,0,0,0,100,0,0,0,0,100,0,0,0,0,100,0,0,0,0,100,0,0,0,0,100,0,0,0,0,93,7,0,0,0,100,0,0,0,0,100,0,0,0,0,100,0,0,0,0,100,0,0,0,0,100,0,0,0,0,100,0
4,Dnipropetrovsk Oblast,UA-12,20,35,19,2,24,38,32,30,0,0,98,0,0,1,1,97,3,0,0,0,100,0,0,0,0,92,0,0,0,8,95,0,1,1,3,99,0,1,0,0,97,0,0,2,1,98,1,0,1,0,100,0,0,0,0,100,0,0,0,0,99,1,0,0,0,100,0,0,0,0,100,0,0,0,0,100,0,0,0,0,98,0,0,0,2,100,0,0,0,0,99,0,0,0,1,100,0,0,0,0,100,0,0,0,0,99,0,0,1,0,100,0,0,0,0,100,0,0,0,0,100,0,0,0,0,100,0,0,0,0,100,0,0,0,0,100,0,0,0,0,100,0,0,0,0,100,0,0,0,0,100,0,0,0,0,100,0,0,0,0,100,0,0,0,0,100,0,0,0,0,100,0,0,0,0,100,0,0,0,0,100,0,0,0,0,100,0,0,0,0,100,0,0,0,0,100,0,0,0,0,100,0,0,0,0,100,0,0,0,0,97,3,0,0,0,100,0,0,0,0,100,0,0,0,0,100,0,0,0,0,100,0,0,0,0,100,0,0,0,0,100,0
5,Donetsk Oblast,UA-14,22,36,17,2,23,37,30,33,0,0,99,0,1,0,0,97,3,0,0,0,100,0,0,0,0,97,0,0,0,3,99,0,0,1,0,100,0,0,0,0,100,0,0,0,0,99,0,0,1,0,100,0,0,0,0,99,0,0,0,1,99,1,0,0,0,99,1,0,0,0,100,0,0,0,0,100,0,0,0,0,100,0,0,0,0,100,0,0,0,0,100,0,0,0,0,100,0,0,0,0,100,0,0,0,0,99,0,0,1,0,100,0,0,0,0,100,0,0,0,0,100,0,0,0,0,100,0,0,0,0,100,0,0,0,0,100,0,0,0,0,100,0,0,0,0,100,0,0,0,0,100,0,0,0,0,100,0,0,0,0,100,0,0,0,0,100,0,0,0,0,100,0,0,0,0,100,0,0,0,0,100,0,0,0,0,100,0,0,0,0,100,0,0,0,0,100,0,0,0,0,100,0,0,0,0,100,0,0,0,0,97,3,0,0,0,100,0,0,0,0,100,0,0,0,0,100,0,0,0,0,100,0,0,0,0,100,0,0,0,0,100,0
6,Ivano-Frankivs'ka oblast,UA-26,17,36,14,4,29,35,27,37,0,1,83,11,4,0,2,99,1,0,0,0,100,0,0,0,0,89,0,0,0,11,96,1,0,0,3,100,0,0,0,0,98,0,0,1,1,96,0,0,1,3,100,0,0,0,0,99,0,0,0,1,98,2,0,0,0,97,2,1,0,0,100,0,0,0,0,98,1,0,1,0,100,0,0,0,0,99,0,0,0,1,98,0,0,0,2,99,1,0,0,0,99,0,0,1,0,98,0,0,2,0,100,0,0,0,0,100,0,0,0,0,100,0,0,0,0,98,0,2,0,0,100,0,0,0,0,100,0,0,0,0,100,0,0,0,0,100,0,0,0,0,100,0,0,0,0,99,0,0,0,1,100,0,0,0,0,100,0,0,0,0,99,0,0,1,0,100,0,0,0,0,98,2,0,0,0,100,0,0,0,0,100,0,0,0,0,100,0,0,0,0,100,0,0,0,0,100,0,0,0,0,96,4,0,0,0,100,0,0,0,0,100,0,0,0,0,100,0,0,0,0,100,0,0,0,0,100,0,0,0,0,100,0
7,Kharkiv Oblast,UA-63,16,37,17,2,28,39,30,31,0,0,100,0,0,0,0,98,1,0,1,0,100,0,0,0,0,91,0,0,0,9,96,0,0,1,3,99,1,0,0,0,96,0,0,3,1,95,0,1,4,0,99,1,0,0,0,98,0,0,0,2,100,0,0,0,0,98,2,0,0,0,100,0,0,0,0,98,0,1,1,0,100,0,0,0,0,99,0,0,0,1,99,0,0,0,1,100,0,0,0,0,99,0,0,1,0,100,0,0,0,0,100,0,0,0,0,100,0,0,0,0,100,0,0,0,0,100,0,0,0,0,100,0,0,0,0,100,0,0,0,0,100,0,0,0,0,100,0,0,0,0,100,0,0,0,0,100,0,0,0,0,100,0,0,0,0,100,0,0,0,0,100,0,0,0,0,100,0,0,0,0,100,0,0,0,0,100,0,0,0,0,99,0,0,0,1,100,0,0,0,0,100,0,0,0,0,100,0,0,0,0,95,5,0,0,0,100,0,0,0,0,100,0,0,0,0,100,0,0,0,0,100,0,0,0,0,100,0,0,0,0,100,0
8,Khersons'ka oblast,UA-65,15,36,12,4,33,43,34,22,0,1,100,0,0,0,0,97,3,0,0,0,97,3,0,0,0,91,0,0,0,9,91,0,0,3,6,97,0,3,0,0,100,0,0,0,0,100,0,0,0,0,100,0,0,0,0,100,0,0,0,0,100,0,0,0,0,100,0,0,0,0,100,0,0,0,0,97,3,0,0,0,100,0,0,0,0,100,0,0,0,0,100,0,0,0,0,100,0,0,0,0,97,0,0,3,0,100,0,0,0,0,100,0,0,0,0,100,0,0,0,0,100,0,0,0,0,100,0,0,0,0,100,0,0,0,0,100,0,0,0,0,100,0,0,0,0,100,0,0,0,0,100,0,0,0,0,100,0,0,0,0,100,0,0,0,0,100,0,0,0,0,100,0,0,0,0,100,0,0,0,0,100,0,0,0,0,100,0,0,0,0,100,0,0,0,0,100,0,0,0,0,100,0,0,0,0,100,0,0,0,0,97,3,0,0,0,100,0,0,0,0,100,0,0,0,0,100,0,0,0,0,100,0,0,0,0,100,0,0,0,0,100,0
9,Khmel'nyts'ka oblast,UA-68,22,34,15,3,26,33,31,36,0,0,87,6,4,1,2,97,1,2,0,0,100,0,0,0,0,90,0,0,0,10,96,2,0,0,2,98,1,1,0,0,99,0,1,0,0,100,0,0,0,0,100,0,0,0,0,100,0,0,0,0,100,0,0,0,0,100,0,0,0,0,100,0,0,0,0,99,1,0,0,0,100,0,0,0,0,99,0,0,0,1,100,0,0,0,0,99,1,0,0,0,98,0,0,2,0,99,0,0,1,0,100,0,0,0,0,100,0,0,0,0,100,0,0,0,0,99,0,1,0,0,100,0,0,0,0,100,0,0,0,0,100,0,0,0,0,100,0,0,0,0,100,0,0,0,0,100,0,0,0,0,100,0,0,0,0,100,0,0,0,0,98,1,0,0,1,100,0,0,0,0,100,0,0,0,0,100,0,0,0,0,100,0,0,0,0,100,0,0,0,0,100,0,0,0,0,100,0,0,0,0,97,3,0,0,0,100,0,0,0,0,99,0,0,0,1,100,0,0,0,0,100,0,0,0,0,100,0,0,0,0,100,0
10,Kirovohrads'ka oblast,UA-35,21,35,15,2,27,39,26,35,0,0,94,2,2,2,0,100,0,0,0,0,100,0,0,0,0,92,0,0,0,8,96,0,2,0,2,100,0,0,0,0,100,0,0,0,0,100,0,0,0,0,100,0,0,0,0,100,0,0,0,0,100,0,0,0,0,96,2,2,0,0,100,0,0,0,0,98,2,0,0,0,100,0,0,0,0,98,0,0,0,2,100,0,0,0,0,100,0,0,0,0,98,0,0,2,0,98,0,0,2,0,100,0,0,0,0,100,0,0,0,0,100,0,0,0,0,98,0,2,0,0,100,0,0,0,0,100,0,0,0,0,100,0,0,0,0,100,0,0,0,0,100,0,0,0,0,100,0,0,0,0,100,0,0,0,0,100,0,0,0,0,100,0,0,0,0,100,0,0,0,0,100,0,0,0,0,100,0,0,0,0,100,0,0,0,0,100,0,0,0,0,100,0,0,0,0,100,0,0,0,0,100,0,0,0,0,100,0,0,0,0,100,0,0,0,0,100,0,0,0,0,100,0,0,0,0,100,0,0,0,0,100,0
11,Kyiv city,UA-30,18,32,17,4,29,30,31,39,0,0,91,6,3,0,0,97,3,0,0,0,100,0,0,0,0,85,0,0,0,15,94,1,1,3,1,100,0,0,0,0,100,0,0,0,0,97,0,0,3,0,100,0,0,0,0,99,0,0,0,1,95,5,0,0,0,100,0,0,0,0,100,0,0,0,0,98,0,0,0,2,100,0,0,0,0,98,0,0,0,2,100,0,0,0,0,98,2,0,0,0,99,0,0,1,0,99,0,0,1,0,100,0,0,0,0,100,0,0,0,0,100,0,0,0,0,100,0,0,0,0,100,0,0,0,0,100,0,0,0,0,100,0,0,0,0,100,0,0,0,0,100,0,0,0,0,100,0,0,0,0,100,0,0,0,0,100,0,0,0,0,100,0,0,0,0,100,0,0,0,0,100,0,0,0,0,100,0,0,0,0,100,0,0,0,0,100,0,0,0,0,100,0,0,0,0,100,0,0,0,0,97,3,0,0,0,100,0,0,0,0,100,0,0,0,0,100,0,0,0,0,100,0,0,0,0,100,0,0,0,0,100,0
12,Kyivs'ka oblast,UA-32,20,31,19,3,27,32,33,35,0,0,96,4,0,0,0,97,3,0,0,0,97,3,0,0,0,86,1,0,0,13,99,0,0,1,0,99,1,0,0,0,98,0,0,2,0,99,0,0,0,1,100,0,0,0,0,99,0,0,0,1,97,3,0,0,0,100,0,0,0,0,100,0,0,0,0,98,0,0,2,0,99,0,0,0,1,99,1,0,0,0,100,0,0,0,0,98,2,0,0,0,99,0,0,1,0,100,0,0,0,0,100,0,0,0,0,100,0,0,0,0,100,0,0,0,0,99,0,1,0,0,99,1,0,0,0,100,0,0,0,0,100,0,0,0,0,100,0,0,0,0,99,0,0,0,1,100,0,0,0,0,100,0,0,0,0,100,0,0,0,0,100,0,0,0,0,100,0,0,0,0,99,1,0,0,0,100,0,0,0,0,99,0,0,0,1,100,0,0,0,0,100,0,0,0,0,100,0,0,0,0,97,3,0,0,0,100,0,0,0,0,99,0,1,0,0,100,0,0,0,0,100,0,0,0,0,100,0,0,0,0,100,0
13,Luhans'ka oblast,UA-09,23,41,16,2,18,46,30,24,0,0,100,0,0,0,0,100,0,0,0,0,100,0,0,0,0,99,0,0,0,1,100,0,0,0,0,100,0,0,0,0,100,0,0,0,0,100,0,0,0,0,99,0,0,1,0,99,0,0,0,1,100,0,0,0,0,100,0,0,0,0,100,0,0,0,0,100,0,0,0,0,100,0,0,0,0,100,0,0,0,0,100,0,0,0,0,100,0,0,0,0,100,0,0,0,0,100,0,0,0,0,100,0,0,0,0,100,0,0,0,0,100,0,0,0,0,100,0,0,0,0,100,0,0,0,0,100,0,0,0,0,100,0,0,0,0,100,0,0,0,0,100,0,0,0,0,100,0,0,0,0,100,0,0,0,0,100,0,0,0,0,100,0,0,0,0,100,0,0,0,0,100,0,0,0,0,100,0,0,0,0,100,0,0,0,0,100,0,0,0,0,100,0,0,0,0,100,0,0,0,0,100,0,0,0,0,100,0,0,0,0,100,0,0,0,0,100,0,0,0,0,100,0,0,0,0,100,0,0,0,0,100,0
14,Lviv Oblast,UA-46,21,32,17,3,27,30,31,39,0,0,82,11,5,1,1,97,3,0,0,0,99,1,0,0,0,84,0,0,0,16,87,5,3,3,2,98,1,1,0,0,98,0,0,2,0,95,0,0,4,1,98,0,1,0,1,100,0,0,0,0,95,5,0,0,0,97,1,2,0,0,100,0,0,0,0,97,0,0,2,1,98,0,0,0,2,98,1,0,0,1,98,0,0,0,2,98,2,0,0,0,99,0,0,1,0,100,0,0,0,0,100,0,0,0,0,100,0,0,0,0,100,0,0,0,0,98,0,2,0,0,100,0,0,0,0,100,0,0,0,0,100,0,0,0,0,100,0,0,0,0,100,0,0,0,0,100,0,0,0,0,100,0,0,0,0,100,0,0,0,0,100,0,0,0,0,100,0,0,0,0,100,0,0,0,0,100,0,0,0,0,100,0,0,0,0,100,0,0,0,0,100,0,0,0,0,100,0,0,0,0,98,2,0,0,0,100,0,0,0,0,99,0,0,0,1,100,0,0,0,0,100,0,0,0,0,100,0,0,0,0,100,0
15,Mykolaivs'ka oblast,UA-48,24,31,17,3,25,35,34,31,0,0,91,6,3,0,0,91,9,0,0,0,100,0,0,0,0,91,0,0,3,6,100,0,0,0,0,97,0,3,0,0,94,0,0,3,3,94,3,0,3,0,97,0,0,3,0,100,0,0,0,0,100,0,0,0,0,100,0,0,0,0,100,0,0,0,0,97,3,0,0,0,100,0,0,0,0,100,0,0,0,0,100,0,0,0,0,100,0,0,0,0,100,0,0,0,0,100,0,0,0,0,100,0,0,0,0,100,0,0,0,0,100,0,0,0,0,94,0,6,0,0,100,0,0,0,0,100,0,0,0,0,100,0,0,0,0,100,0,0,0,0,100,0,0,0,0,100,0,0,0,0,100,0,0,0,0,100,0,0,0,0,100,0,0,0,0,100,0,0,0,0,100,0,0,0,0,100,0,0,0,0,100,0,0,0,0,100,0,0,0,0,100,0,0,0,0,100,0,0,0,0,100,0,0,0,0,100,0,0,0,0,100,0,0,0,0,100,0,0,0,0,100,0,0,0,0,100,0,0,0,0,100,0
16,Odessa Oblast,UA-51,19,32,20,2,27,36,32,32,0,0,97,3,0,0,0,93,5,0,2,0,90,10,0,0,0,91,2,1,1,5,97,0,1,2,0,100,0,0,0,0,97,0,0,1,2,98,0,0,2,0,100,0,0,0,0,100,0,0,0,0,96,4,0,0,0,99,1,0,0,0,100,0,0,0,0,97,0,2,1,0,98,0,0,0,2,98,0,0,0,2,100,0,0,0,0,100,0,0,0,0,100,0,0,0,0,100,0,0,0,0,100,0,0,0,0,100,0,0,0,0,100,0,0,0,0,100,0,0,0,0,99,1,0,0,0,100,0,0,0,0,100,0,0,0,0,100,0,0,0,0,100,0,0,0,0,100,0,0,0,0,100,0,0,0,0,100,0,0,0,0,100,0,0,0,0,100,0,0,0,0,100,0,0,0,0,100,0,0,0,0,100,0,0,0,0,100,0,0,0,0,100,0,0,0,0,100,0,0,0,0,97,3,0,0,0,100,0,0,0,0,100,0,0,0,0,100,0,0,0,0,100,0,0,0,0,100,0,0,0,0,100,0
17,Poltavs'ka oblast,UA-53,20,34,16,2,28,33,33,34,0,0,92,3,3,1,1,100,0,0,0,0,99,1,0,0,0,91,0,0,0,9,97,0,0,2,1,99,0,0,0,1,100,0,0,0,0,97,0,0,2,1,99,0,0,1,0,100,0,0,0,0,97,3,0,0,0,100,0,0,0,0,100,0,0,0,0,99,0,0,1,0,99,0,0,0,1,97,2,0,0,1,99,0,0,0,1,100,0,0,0,0,100,0,0,0,0,97,0,0,3,0,100,0,0,0,0,100,0,0,0,0,100,0,0,0,0,100,0,0,0,0,99,1,0,0,0,100,0,0,0,0,100,0,0,0,0,99,0,0,0,1,100,0,0,0,0,100,0,0,0,0,100,0,0,0,0,100,0,0,0,0,97,3,0,0,0,100,0,0,0,0,100,0,0,0,0,100,0,0,0,0,100,0,0,0,0,100,0,0,0,0,100,0,0,0,0,100,0,0,0,0,97,3,0,0,0,100,0,0,0,0,100,0,0,0,0,100,0,0,0,0,100,0,0,0,0,100,0,0,0,0,100,0
18,Rivnens'ka oblast,UA-56,21,37,16,3,23,38,29,33,0,0,81,10,5,0,4,99,1,0,0,0,100,0,0,0,0,83,0,0,0,17,87,4,3,1,5,94,1,1,0,4,94,0,0,3,3,100,0,0,0,0,99,0,1,0,0,100,0,0,0,0,100,0,0,0,0,99,1,0,0,0,100,0,0,0,0,97,0,0,3,0,97,0,0,0,3,100,0,0,0,0,100,0,0,0,0,99,1,0,0,0,97,0,0,3,0,100,0,0,0,0,100,0,0,0,0,100,0,0,0,0,100,0,0,0,0,99,0,1,0,0,99,1,0,0,0,100,0,0,0,0,100,0,0,0,0,100,0,0,0,0,100,0,0,0,0,99,0,1,0,0,100,0,0,0,0,100,0,0,0,0,99,0,0,1,0,100,0,0,0,0,100,0,0,0,0,100,0,0,0,0,100,0,0,0,0,100,0,0,0,0,100,0,0,0,0,100,0,0,0,0,97,3,0,0,0,100,0,0,0,0,100,0,0,0,0,100,0,0,0,0,100,0,0,0,0,100,0,0,0,0,100,0
19,Sevastopol' city,UA-40,17,38,24,0,21,45,23,32,0,0,100,0,0,0,0,97,3,0,0,0,100,0,0,0,0,100,0,0,0,0,100,0,0,0,0,100,0,0,0,0,100,0,0,0,0,100,0,0,0,0,100,0,0,0,0,100,0,0,0,0,100,0,0,0,0,100,0,0,0,0,100,0,0,0,0,100,0,0,0,0,100,0,0,0,0,97,0,0,0,3,100,0,0,0,0,100,0,0,0,0,100,0,0,0,0,100,0,0,0,0,100,0,0,0,0,100,0,0,0,0,100,0,0,0,0,100,0,0,0,0,100,0,0,0,0,100,0,0,0,0,100,0,0,0,0,100,0,0,0,0,100,0,0,0,0,100,0,0,0,0,100,0,0,0,0,100,0,0,0,0,100,0,0,0,0,100,0,0,0,0,100,0,0,0,0,100,0,0,0,0,100,0,0,0,0,100,0,0,0,0,100,0,0,0,0,100,0,0,0,0,100,0,0,0,0,100,0,0,0,0,100,0,0,0,0,100,0,0,0,0,100,0,0,0,0,100,0,0,0,0,100,0
20,Sums'ka oblast,UA-59,23,34,16,2,25,38,37,25,0,0,92,4,2,2,0,98,2,0,0,0,100,0,0,0,0,89,0,0,0,11,100,0,0,0,0,100,0,0,0,0,98,0,0,0,2,100,0,0,0,0,100,0,0,0,0,100,0,0,0,0,100,0,0,0,0,98,2,0,0,0,100,0,0,0,0,100,0,0,0,0,96,0,0,0,4,96,0,0,0,4,100,0,0,0,0,100,0,0,0,0,100,0,0,0,0,100,0,0,0,0,100,0,0,0,0,100,0,0,0,0,100,0,0,0,0,98,0,2,0,0,100,0,0,0,0,100,0,0,0,0,100,0,0,0,0,100,0,0,0,0,100,0,0,0,0,100,0,0,0,0,100,0,0,0,0,100,0,0,0,0,100,0,0,0,0,100,0,0,0,0,100,0,0,0,0,100,0,0,0,0,100,0,0,0,0,100,0,0,0,0,100,0,0,0,0,100,0,0,0,0,100,0,0,0,0,100,0,0,0,0,100,0,0,0,0,100,0,0,0,0,100,0,0,0,0,100,0,0,0,0,100,0
21,Ternopil's'ka oblast,UA-61,21,32,16,1,30,40,30,29,1,0,79,10,9,1,1,94,6,0,0,0,99,1,0,0,0,89,0,0,0,11,93,5,1,0,1,99,0,0,0,1,97,0,0,3,0,96,0,1,3,0,100,0,0,0,0,100,0,0,0,0,97,3,0,0,0,100,0,0,0,0,100,0,0,0,0,99,0,0,1,0,99,0,0,0,1,100,0,0,0,0,99,0,0,0,1,96,4,0,0,0,100,0,0,0,0,99,0,0,1,0,100,0,0,0,0,100,0,0,0,0,100,0,0,0,0,97,0,3,0,0,100,0,0,0,0,100,0,0,0,0,100,0,0,0,0,100,0,0,0,0,100,0,0,0,0,100,0,0,0,0,100,0,0,0,0,100,0,0,0,0,100,0,0,0,0,100,0,0,0,0,99,1,0,0,0,100,0,0,0,0,100,0,0,0,0,100,0,0,0,0,100,0,0,0,0,100,0,0,0,0,99,1,0,0,0,100,0,0,0,0,100,0,0,0,0,100,0,0,0,0,100,0,0,0,0,100,0,0,0,0,100,0
22,Vinnyts'ka oblast,UA-05,25,29,14,5,27,31,35,34,0,0,91,3,1,2,3,93,4,3,0,0,99,1,0,0,0,95,0,0,1,4,99,0,1,0,0,100,0,0,0,0,95,0,0,1,4,98,0,0,2,0,85,0,1,0,14,98,0,0,0,2,100,0,0,0,0,98,0,2,0,0,100,0,0,0,0,98,0,0,2,0,100,0,0,0,0,99,0,0,0,1,100,0,0,0,0,97,3,0,0,0,100,0,0,0,0,97,0,0,3,0,100,0,0,0,0,100,0,0,0,0,100,0,0,0,0,99,0,1,0,0,100,0,0,0,0,100,0,0,0,0,100,0,0,0,0,100,0,0,0,0,100,0,0,0,0,100,0,0,0,0,100,0,0,0,0,100,0,0,0,0,100,0,0,0,0,100,0,0,0,0,100,0,0,0,0,100,0,0,0,0,100,0,0,0,0,100,0,0,0,0,100,0,0,0,0,100,0,0,0,0,96,4,0,0,0,100,0,0,0,0,100,0,0,0,0,100,0,0,0,0,100,0,0,0,0,100,0,0,0,0,100,0
23,Volyns'ka oblast,UA-07,19,34,17,5,25,38,31,29,2,0,67,17,11,2,3,98,2,0,0,0,95,5,0,0,0,80,0,0,0,20,96,2,2,0,0,93,0,0,0,7,96,0,0,2,2,98,0,0,2,0,100,0,0,0,0,96,0,0,0,4,100,0,0,0,0,100,0,0,0,0,98,0,0,0,2,100,0,0,0,0,100,0,0,0,0,100,0,0,0,0,100,0,0,0,0,98,0,2,0,0,98,0,0,2,0,100,0,0,0,0,100,0,0,0,0,100,0,0,0,0,100,0,0,0,0,93,0,7,0,0,100,0,0,0,0,100,0,0,0,0,100,0,0,0,0,100,0,0,0,0,100,0,0,0,0,96,4,0,0,0,100,0,0,0,0,100,0,0,0,0,100,0,0,0,0,100,0,0,0,0,96,4,0,0,0,100,0,0,0,0,100,0,0,0,0,100,0,0,0,0,100,0,0,0,0,100,0,0,0,0,93,7,0,0,0,100,0,0,0,0,98,0,0,0,2,100,0,0,0,0,100,0,0,0,0,100,0,0,0,0,100,0
24,Zakarpats'ka oblast,UA-21,36,26,14,2,22,33,30,36,1,0,87,5,7,0,1,97,3,0,0,0,100,0,0,0,0,92,0,0,0,8,97,0,2,1,0,99,1,0,0,0,99,0,0,0,1,96,0,0,1,3,99,0,0,1,0,100,0,0,0,0,84,16,0,0,0,86,1,12,0,1,100,0,0,0,0,93,0,1,1,5,97,0,0,0,3,95,4,0,0,1,100,0,0,0,0,99,1,0,0,0,97,0,0,3,0,100,0,0,0,0,100,0,0,0,0,100,0,0,0,0,100,0,0,0,0,94,0,6,0,0,100,0,0,0,0,100,0,0,0,0,100,0,0,0,0,100,0,0,0,0,100,0,0,0,0,99,0,1,0,0,100,0,0,0,0,100,0,0,0,0,100,0,0,0,0,100,0,0,0,0,100,0,0,0,0,100,0,0,0,0,100,0,0,0,0,90,10,0,0,0,100,0,0,0,0,100,0,0,0,0,99,1,0,0,0,100,0,0,0,0,100,0,0,0,0,100,0,0,0,0,100,0,0,0,0,100,0,0,0,0,100,0
25,Zaporiz'ka oblast,UA-23,25,35,11,4,25,37,37,26,0,0,95,4,0,1,0,98,1,0,1,0,100,0,0,0,0,91,0,0,0,9,100,0,0,0,0,99,0,1,0,0,99,0,0,0,1,99,0,1,0,0,99,0,0,1,0,100,0,0,0,0,100,0,0,0,0,100,0,0,0,0,100,0,0,0,0,97,0,0,3,0,99,0,0,0,1,99,0,0,0,1,100,0,0,0,0,100,0,0,0,0,100,0,0,0,0,100,0,0,0,0,100,0,0,0,0,100,0,0,0,0,100,0,0,0,0,99,0,1,0,0,100,0,0,0,0,100,0,0,0,0,100,0,0,0,0,100,0,0,0,0,100,0,0,0,0,100,0,0,0,0,100,0,0,0,0,100,0,0,0,0,100,0,0,0,0,100,0,0,0,0,100,0,0,0,0,100,0,0,0,0,97,0,0,0,3,100,0,0,0,0,100,0,0,0,0,100,0,0,0,0,95,5,0,0,0,100,0,0,0,0,100,0,0,0,0,100,0,0,0,0,100,0,0,0,0,100,0,0,0,0,100,0
26,Zhytomyrs'ka oblast,UA-18,25,34,15,3,23,40,25,35,0,0,93,4,3,0,0,96,2,0,2,0,98,2,0,0,0,86,0,0,0,14,98,2,0,0,0,100,0,0,0,0,96,0,0,2,2,100,0,0,0,0,100,0,0,0,0,100,0,0,0,0,98,2,0,0,0,100,0,0,0,0,100,0,0,0,0,98,0,0,2,0,93,0,0,0,7,98,0,0,0,2,100,0,0,0,0,100,0,0,0,0,98,0,0,2,0,98,0,0,2,0,100,0,0,0,0,100,0,0,0,0,100,0,0,0,0,98,0,2,0,0,100,0,0,0,0,100,0,0,0,0,100,0,0,0,0,100,0,0,0,0,100,0,0,0,0,98,0,2,0,0,100,0,0,0,0,100,0,0,0,0,100,0,0,0,0,100,0,0,0,0,100,0,0,0,0,100,0,0,0,0,100,0,0,0,0,100,0,0,0,0,100,0,0,0,0,100,0,0,0,0,98,2,0,0,0,100,0,0,0,0,98,0,2,0,0,100,0,0,0,0,100,0,0,0,0,100,0,0,0,0,100,0
