,geoName,geoCode,a,the,and,be,of,in,to,Я йду,Я збираюся,Збиратися,від'їжджаючи від,переїзд до,відхід від,Подорожі,напрями до,як дістатися,як піти,найшвидший вихід за межі України,подорожувати,консультації з питань подорожей,Бігти,як далеко,більше не може залишатися тут,Я тут не в безпеці,небезпечна територія,будинок зруйнований,будинок згорів,де безпечно,безпечні місця для поїздки,який найбезпечніший маршрут до,мирний район України,де найбезпечніше місце в Україні,"областей, яких слід уникати в україні",притулки біля мене,табори біженців поблизу,екстрена допомога біля мене,допомога сша поруч зі мною,гуманітарна допомога ООН,американський червоний хрест,аварійне укриття,гуманітарна допомога поруч зі мною,де знаходиться найближча військова база,безпечний притулок,зона безпеки,перетин кордону,який кордон я повинен перетнути,легкий перетин кордону,притулок,як подати заяву про надання притулку,віза,як отримати візу,де отримати візу,паспорт,як отримати паспорт,де отримати паспорт,посольство біля мене,консульство біля мене,тимчасовий захист,"гостинні країни, що межують з Україною",де прогулятися через кордон?,як ви перетинаєте кордон?,дорожні умови,дорога закрита,дорога перекрита,трафік,найдешевші квитки на,найшвидші квитки на,бронювання квитка на,квитки на літак,рейси до,рейси за межі України,аеропорт біля мене,аеропорт,wizz air,ryanair,міжнародні авіалінії України,yanair,скайап,"авіакомпанії ""мотор січ""",авіакомпанії Jonika,bravo airways,бджолина авіакомпанія,іса повітря,повітряні океанські авіалінії,наступний рейс до,квитки на човен,човнів до,Одеський порт,порт Південний,Миколаївський порт,порт Чорноморськ,порт Рені,порт Ізмаїл,порт Усть-Дунайськ,Поромі,укрферрі,морський порт Батумі,як перетнути Чорне море,найшвидший шлях через Чорне море,квитки на автобус,Центральний автовокзал Києва,аль-транс,бенц експрес,наступного автобуса до,прокат автомобілів,квитки на поїзд,Укрзалізниця,залізничний вокзал біля мене,дарниця,залізниці України,наступним поїздом до,гуртожиток,готель,Мотель,тимчасове житло,airbnb,домовик,додому,Банкомат,зняття готівки,обмін валюти,ломбард,банки відкриті,кредитні картки,продуктові магазини біля мене,метро,станція метро «Хрещатик»
0,Cherkas'ka oblast,UA-71,0.4532163742690058,0.8157894736842105,0.36257309941520466,0.06798245614035087,0.5665204678362573,0.7894736842105263,1.0,0.02631578947368421,0.0,0.0,0.0,0.0,0.0,0.0,0.04293628808864266,0.0,0.0,0.0,0.0,0.0,0.0,0.0,0.0,0.0,0.0,0.0,0.0,0.0,0.0,0.0,0.0,0.0,0.0,0.0,0.0,0.0,0.0,0.0,0.0,0.0,0.0,0.0,0.0,0.0,0.0,0.0,0.0,0.0,0.0,0.0,0.0,0.0,0.25761772853185594,0.0,0.0,0.0,0.0,0.052071668533034715,0.0,0.0,0.0,0.0,0.0,0.0,0.0,0.0,0.0,0.0,0.0,0.0,0.0,0.0,0.0,0.0,0.0,0.0,0.0,0.0,0.0,0.0,0.0,0.0,0.0,0.0,0.0,0.0,0.0,0.0,0.0,0.0,0.0,0.0,0.0,0.0,0.0,0.0,0.0,0.0,0.0,0.0,0.0,0.0,0.0,0.0,0.0,0.0,0.15538847117794485,0.0,0.0,0.0,0.0,0.06195869420386409,0.1548967355096602,0.0,0.0,0.0,0.0,0.0,0.0,0.0,0.0,0.03399122807017543,0.0,0.0,0.0,0.15538847117794485,0.0
1,Chernihivs'ka oblast,UA-74,0.2926829268292683,1.0,0.4634146341463415,0.07317073170731707,0.6097560975609756,0.8918918918918918,0.8108108108108107,0.0,0.0,0.0,0.0,0.0,0.0,0.0,0.0,0.0,0.0,0.0,0.0,0.0,0.0,0.0,0.0,0.0,0.0,0.0,0.0,0.0,0.0,0.0,0.0,0.0,0.0,0.0,0.0,0.0,0.0,0.0,0.0,0.0,0.0,0.0,0.0,0.0,0.0,0.0,0.0,0.0,0.0,0.0,0.0,0.0,0.47058823529411764,0.0,0.0,0.0,0.0,0.0,0.0,0.0,0.0,0.0,0.0,0.0,0.0,0.0,0.0,0.0,0.0,0.0,0.0,0.0,0.0,0.0,0.0,0.0,0.0,0.35135135135135137,0.0,0.0,0.0,0.0,0.0,0.0,0.0,0.0,0.0,0.0,0.0,0.0,0.0,0.0,0.0,0.0,0.0,0.0,0.0,0.0,0.0,0.0,0.0,0.0,0.0,0.0,0.0,0.0,0.21951219512195122,0.0,0.0,0.0,0.0,0.08695652173913043,0.0,0.0,0.0,0.08695652173913043,0.0,0.13636363636363635,0.0,0.0,0.0,0.1111111111111111,0.0,0.0,0.0,0.20481927710843373,0.0
2,Chernivets'ka oblast,UA-77,0.7222222222222222,1.0,0.25,0.08333333333333333,0.7222222222222222,0.8157894736842105,0.8157894736842105,0.0,0.0,0.0,0.0,0.0,0.0,0.0,0.0,0.0,0.0,0.0,0.0,0.0,0.0,0.0,0.0,0.0,0.0,0.0,0.0,0.0,0.0,0.0,0.0,0.0,0.0,0.0,0.0,0.0,0.0,0.0,0.0,0.0,0.0,0.0,0.0,0.0,0.0,0.0,0.0,0.0,0.0,0.06756756756756757,0.0,0.0,0.2837837837837838,0.0,0.0,0.0,0.0,0.0,0.0,0.0,0.0,0.0,0.0,0.0,0.0,0.0,0.0,0.0,0.0,0.0,0.0,0.0,0.4084507042253521,0.0,0.0,0.0,0.0,0.0,0.0,0.0,0.0,0.0,0.0,0.0,0.0,0.0,0.0,0.0,0.0,0.0,0.0,0.0,0.0,0.0,0.0,0.0,0.0,0.0,0.0,0.0,0.0,0.0,0.0,0.0,0.0,0.07407407407407407,0.16049382716049382,0.0,0.0,0.0,0.0,0.0,0.20481927710843373,0.0,0.0,0.0,0.0,0.08045977011494253,0.0,0.06896551724137931,0.0,0.0,0.0,0.0,0.0,0.06382978723404256,0.0
3,Crimea,UA-43,0.5263157894736842,0.9736842105263158,0.39473684210526316,0.18421052631578946,0.5526315789473685,0.6578947368421053,1.0,0.0,0.0,0.0,0.0,0.0,0.0,0.0,0.0,0.0,0.0,0.0,0.0,0.0,0.0,0.0,0.0,0.0,0.0,0.0,0.0,0.0,0.0,0.0,0.0,0.0,0.0,0.0,0.0,0.0,0.0,0.0,0.0,0.0,0.0,0.0,0.0,0.0,0.0,0.0,0.0,0.0,0.0,0.0,0.0,0.0,0.15850673194614442,0.0,0.0,0.0,0.0,0.0,0.0,0.0,0.0,0.0,0.0,0.0,0.0,0.0,0.0,0.0,0.0,0.0,0.0,0.0,0.0,0.0,0.0,0.0,0.0,0.0,0.0,0.0,0.0,0.0,0.0,0.0,0.0,0.0,0.0,0.0,0.0,0.0,0.0,0.0,0.0,0.0,0.0,0.0,0.0,0.0,0.0,0.0,0.0,0.0,0.0,0.0,0.0,0.0,0.030113944655453063,0.0,0.0,0.0,0.0,0.0,0.0,0.12020792722547108,0.0,0.10818713450292397,0.0,0.0,0.0,0.0,0.0,0.08466819221967964,0.0,0.0,0.0,0.13277511961722488,0.0
4,Dnipropetrovsk Oblast,UA-12,0.4444444444444444,1.0,0.4166666666666667,0.1111111111111111,0.8055555555555556,0.8571428571428571,1.0,0.0,0.0,0.06382978723404256,0.0,0.0,0.0,0.020833333333333332,0.020833333333333332,0.0,0.0,0.0,0.0,0.0,0.020408163265306124,0.0,0.0,0.0,0.0,0.0,0.0,0.0,0.0,0.0,0.0,0.0,0.0,0.0,0.0,0.0,0.0,0.0,0.0,0.0,0.0,0.0,0.0,0.0,0.0,0.0,0.0,0.052631578947368425,0.0,0.0,0.0,0.0,0.19047619047619047,0.0,0.0,0.0,0.0,0.0,0.0,0.0,0.0,0.0,0.0,0.0,0.0,0.0,0.0,0.0,0.0,0.0,0.0,0.0,0.0,0.031578947368421054,0.021052631578947368,0.0,0.0,0.0,0.0,0.0,0.0,0.0,0.0,0.0,0.0,0.0,0.0,0.0,0.0,0.0,0.0,0.0,0.0,0.0,0.0,0.0,0.0,0.0,0.0,0.030927835051546393,0.0,0.0,0.0,0.0,0.0,0.0,0.3108108108108108,0.0,0.04054054054054054,0.0,0.0,0.0,0.0,0.06382978723404256,0.0,0.0,0.0,0.06451612903225806,0.0,0.01075268817204301,0.0,0.010101010101010102,0.0,0.0,0.0,0.13636363636363635,0.0
5,Donetsk Oblast,UA-14,0.5789473684210527,1.0,0.2631578947368421,0.0,0.7894736842105263,0.8947368421052632,0.7368421052631579,0.0,0.0,0.0,0.0,0.0,0.0,0.0,0.0,0.0,0.0,0.0,0.0,0.0,0.0,0.0,0.0,0.0,0.0,0.0,0.0,0.0,0.0,0.0,0.0,0.0,0.0,0.0,0.0,0.0,0.0,0.0,0.0,0.0,0.0,0.0,0.0,0.0,0.0,0.0,0.0,0.0,0.0,0.0,0.0,0.0,0.3513513513513513,0.0,0.0,0.0,0.0,0.0,0.0,0.0,0.0,0.0,0.0,0.0,0.0,0.0,0.0,0.0,0.0,0.0,0.0,0.0,0.0,0.0,0.0,0.0,0.0,0.0,0.0,0.0,0.0,0.0,0.0,0.0,0.0,0.0,0.0,0.0,0.0,0.0,0.0,0.0,0.0,0.0,0.0,0.0,0.0,0.0,0.0,0.0,0.0,0.0,0.0,0.0,0.0,0.0,0.07526881720430108,0.0,0.0,0.0,0.0,0.0,0.0,0.07526881720430108,0.0,0.0,0.0,0.0,0.0,0.0,0.0,0.0989010989010989,0.0,0.0,0.0,0.0989010989010989,0.0
6,Ivano-Frankivs'ka oblast,UA-26,0.3490990990990991,0.8378378378378378,0.39564564564564564,0.023273273273273273,0.7214714714714715,0.8108108108108109,1.0,0.05405405405405406,0.0,0.0,0.0,0.0,0.0,0.0,0.0,0.0,0.0,0.0,0.0,0.0,0.0,0.0,0.0,0.0,0.0,0.0,0.0,0.0,0.0,0.0,0.0,0.0,0.0,0.0,0.0,0.0,0.0,0.0,0.0,0.0,0.0,0.0,0.0,0.0,0.025912510448592923,0.0,0.0,0.0,0.0,0.06886338393187708,0.0,0.0,0.24102184376156977,0.0,0.0,0.0,0.0,0.0,0.0,0.0,0.0,0.0,0.0,0.0,0.0,0.0,0.0,0.0,0.08286308286308286,0.0,0.0,0.0,0.05347901092581944,0.0,0.0,0.0,0.0,0.025912510448592923,0.0,0.0,0.0,0.0,0.0,0.0,0.0,0.0,0.0,0.0,0.0,0.0,0.0,0.0,0.0,0.0,0.0,0.0,0.0,0.0,0.0,0.0,0.0,0.0,0.0,0.0,0.0,0.0,0.16756756756756758,0.0,0.041891891891891894,0.0,0.0,0.0,0.22271638727334928,0.0,0.0,0.0,0.0,0.11378044711378044,0.051718385051718385,0.03103103103103103,0.0,0.06306306306306306,0.0,0.0,0.0,0.10355299119344064,0.0
7,Kharkiv Oblast,UA-63,0.4197530864197531,0.9444444444444444,0.39351851851851855,0.05246913580246914,0.8132716049382717,0.8333333333333334,1.0,0.0,0.0,0.0,0.0,0.0,0.0,0.0,0.0,0.0,0.0,0.0,0.0,0.0,0.0,0.0,0.0,0.0,0.0,0.0,0.0,0.0,0.0,0.0,0.0,0.0,0.0,0.0,0.0,0.0,0.0,0.0,0.0,0.0,0.0,0.0,0.0,0.0,0.029209621993127148,0.0,0.0,0.0,0.0,0.0,0.0,0.0,0.116729088639201,0.0,0.0,0.0,0.0,0.0,0.0,0.0,0.0,0.0,0.0,0.0,0.04970760233918129,0.0,0.0,0.0,0.0,0.0,0.0,0.0,0.03935185185185185,0.0,0.07108721624850657,0.0,0.0,0.0,0.0,0.0,0.0,0.0,0.0,0.0,0.0,0.0,0.0,0.0,0.0,0.0,0.0,0.0,0.0,0.0,0.0,0.0,0.0,0.0,0.0,0.0,0.0,0.0,0.0,0.0,0.0,0.0,0.16666666666666666,0.0,0.0,0.0,0.0,0.0,0.0,0.0,0.0,0.116729088639201,0.0,0.02031063321385902,0.050776583034647556,0.0,0.0,0.060283687943262415,0.0,0.0,0.0,0.4444444444444445,0.0
8,Khersons'ka oblast,UA-65,1.0,0.9459459459459459,0.0,0.0,0.7567567567567568,0.8536585365853658,0.5075807514831905,0.0,0.0,0.0,0.0,0.0,0.0,0.0,0.0,0.0,0.0,0.0,0.0,0.0,0.0,0.0,0.0,0.0,0.0,0.0,0.0,0.0,0.0,0.0,0.0,0.0,0.0,0.0,0.0,0.0,0.0,0.0,0.0,0.0,0.0,0.0,0.0,0.0,0.26680526680526684,0.0,0.0,0.0,0.0,0.0,0.0,0.0,0.2514539856312008,0.0,0.0,0.0,0.0,0.0,0.0,0.0,0.0,0.0,0.0,0.0,0.0,0.0,0.0,0.0,0.0,0.0,0.0,0.0,0.23648648648648649,0.49786628733997157,0.215742057847321,0.0,0.0,0.0,0.0,0.0,0.0,0.0,0.0,0.0,0.0,0.0,0.0,0.0,0.0,0.0,0.0,0.0,0.0,0.0,0.0,0.0,0.0,0.0,0.0,0.0,0.0,0.0,0.0,0.0,0.0,0.0,0.6047851129818342,0.0,0.0,0.0,0.0,0.0,0.0,0.0,0.0,0.5093555093555093,0.0,0.0,0.0,0.0,0.0,0.349870418363569,0.0,0.0,0.0,0.0,0.0
9,Khmel'nyts'ka oblast,UA-68,0.28125,0.675,0.24375000000000002,0.037500000000000006,0.6375000000000001,0.8250000000000001,1.0,0.0,0.0,0.0,0.0,0.0,0.0,0.0,0.0,0.0,0.0,0.0,0.0,0.0,0.0,0.0,0.0,0.0,0.0,0.0,0.0,0.0,0.0,0.0,0.0,0.0,0.0,0.0,0.0,0.0,0.0,0.0,0.0,0.0,0.0,0.0,0.0,0.0,0.0,0.0,0.0,0.20162337662337662,0.0,0.040298507462686574,0.0,0.0,0.2921641791044776,0.0,0.0,0.0,0.0,0.03552631578947369,0.0,0.0,0.0,0.0,0.0,0.0,0.03552631578947369,0.0,0.0,0.0,0.0,0.0,0.0,0.0,0.0,0.04709302325581396,0.06279069767441861,0.0,0.0,0.0,0.0,0.0,0.0,0.0,0.0,0.0,0.0,0.0,0.0,0.0,0.0,0.0,0.0,0.0,0.0,0.0,0.0,0.0,0.0,0.0,0.0,0.07500000000000001,0.0,0.0,0.0,0.0,0.0,0.0,0.16875,0.0,0.0,0.0,0.0,0.0,0.17943037974683546,0.0,0.0,0.0,0.0,0.07848837209302327,0.031395348837209305,0.0,0.0,0.0,0.0,0.0,0.0,0.07500000000000001,0.0
10,Kirovohrads'ka oblast,UA-35,0.17777777777777778,1.0,0.35555555555555557,0.044444444444444446,0.6444444444444445,0.5681818181818181,0.7045454545454545,0.0,0.0,0.0,0.0,0.0,0.0,0.08695652173913043,0.0,0.0,0.0,0.0,0.0,0.0,0.0,0.0,0.0,0.0,0.0,0.0,0.0,0.0,0.0,0.0,0.0,0.0,0.0,0.0,0.0,0.0,0.0,0.0,0.0,0.0,0.0,0.0,0.0,0.0,0.0,0.0,0.0,0.06382978723404255,0.0,0.0,0.0,0.0,0.2345679012345679,0.0,0.0,0.0,0.0,0.0,0.0,0.0,0.0,0.0,0.0,0.0,0.06382978723404255,0.0,0.0,0.0,0.0,0.0,0.0,0.0,0.0,0.0,0.0,0.0,0.0,0.0,0.0,0.0,0.0,0.0,0.0,0.0,0.0,0.0,0.0,0.0,0.0,0.0,0.0,0.0,0.0,0.0,0.0,0.0,0.0,0.0,0.0,0.0,0.0,0.0,0.0,0.0,0.0,0.0,0.19047619047619047,0.0,0.0,0.0,0.0,0.0,0.07526881720430108,0.0,0.0,0.0,0.0,0.09523809523809523,0.09523809523809523,0.0,0.0,0.0,0.0,0.0,0.0,0.06382978723404255,0.0
11,Kyiv city,UA-30,0.4195156695156695,0.7948717948717947,0.33119658119658113,0.06623931623931623,0.596153846153846,0.7692307692307693,1.0,0.0,0.0,0.0,0.0,0.0,0.0,0.0,0.0,0.0,0.0,0.0,0.0,0.0,0.0,0.0,0.0,0.0,0.0,0.0,0.0,0.0,0.0,0.0,0.0,0.0,0.0,0.0,0.0,0.0,0.0,0.0,0.0,0.0,0.0,0.0,0.0,0.0,0.0,0.0,0.0,0.0,0.0,0.00957676861291319,0.01915353722582638,0.0,0.13407476058078466,0.0,0.0,0.0,0.0,0.0,0.0,0.0,0.0,0.0,0.0,0.0,0.0,0.0,0.0,0.0,0.0,0.016559829059829057,0.0,0.0,0.016559829059829057,0.0,0.008110936682365254,0.008110936682365254,0.0,0.0,0.0,0.0,0.0,0.0,0.0,0.0,0.0,0.0,0.0,0.0,0.0,0.0,0.0,0.0,0.0,0.0,0.0,0.0,0.0,0.0,0.0,0.0,0.0,0.0,0.0,0.0,0.0,0.0,0.19362261669953976,0.0,0.030571992110453645,0.0,0.0,0.008194554586307162,0.016389109172614325,0.008367071524966262,0.0,0.02510121457489878,0.008367071524966262,0.016734143049932523,0.02510121457489878,0.0,0.0,0.016221873364730507,0.0,0.0,0.0,0.5996401259559153,0.0
12,Kyivs'ka oblast,UA-32,0.3562753036437247,0.846153846153846,0.37854251012145745,0.044534412955465584,0.6012145748987854,0.7179487179487178,1.0,0.0,0.0,0.0,0.0,0.0,0.0,0.0,0.0,0.0,0.0,0.0,0.0,0.0,0.01726844583987441,0.0,0.0,0.0,0.0,0.0,0.0,0.0,0.0,0.0,0.0,0.0,0.0,0.0,0.0,0.0,0.0,0.0,0.0,0.0,0.0,0.0,0.0,0.0,0.0,0.0,0.0,0.0,0.0,0.010848126232741616,0.05424063116370808,0.0,0.17357001972386585,0.0,0.0,0.0,0.0,0.0,0.0,0.0,0.0,0.0,0.0,0.0,0.0,0.0,0.0,0.0,0.044534412955465584,0.0,0.0,0.0,0.01726844583987441,0.01726844583987441,0.0,0.0,0.0,0.0,0.0,0.0,0.0,0.0,0.0,0.0,0.0,0.0,0.0,0.0,0.0,0.0,0.0,0.0,0.0,0.0,0.0,0.0,0.0,0.0,0.0,0.0,0.0,0.0,0.0,0.0,0.0,0.0,0.19038461538461535,0.0,0.02115384615384615,0.0,0.0,0.0,0.10458081244598097,0.0,0.0,0.026169706582077713,0.0,0.06968325791855202,0.029864253393665156,0.049773755656108594,0.0,0.01726844583987441,0.0,0.0,0.0,0.38015607580824967,0.0
13,Luhans'ka oblast,UA-09,0.2857142857142857,1.0,0.35714285714285715,0.09523809523809523,0.6428571428571429,0.8536585365853658,0.5853658536585366,0.0,0.0,0.0,0.0,0.0,0.0,0.0,0.0,0.0,0.0,0.0,0.0,0.0,0.0,0.0,0.0,0.0,0.0,0.0,0.0,0.0,0.0,0.0,0.0,0.0,0.0,0.0,0.0,0.0,0.0,0.0,0.0,0.0,0.0,0.0,0.0,0.0,0.0,0.0,0.0,0.0,0.0,0.0,0.0,0.0,0.5625,0.0,0.0,0.0,0.0,0.0,0.0,0.0,0.0,0.0,0.0,0.0,0.0,0.0,0.0,0.0,0.0,0.0,0.0,0.0,0.06382978723404256,0.0,0.0,0.0,0.0,0.0,0.0,0.0,0.0,0.0,0.0,0.0,0.0,0.0,0.0,0.0,0.0,0.0,0.0,0.0,0.0,0.0,0.0,0.0,0.0,0.0,0.0,0.0,0.0,0.0,0.0,0.0,0.0,0.0,0.0,0.0,0.0,0.0,0.0,0.0,0.0,0.0,0.0,0.0,0.0,0.12359550561797752,0.0,0.0,0.0,0.0,0.0,0.0,0.0,0.0,0.0
14,Lviv Oblast,UA-46,0.365546218487395,0.6904761904761905,0.365546218487395,0.08123249299719888,0.5280112044817927,0.6904761904761905,1.0,0.0,0.0,0.0,0.0,0.0,0.0,0.0,0.007118311242022582,0.0,0.014236622484045164,0.0,0.0,0.0,0.0,0.0,0.0,0.0,0.0,0.0,0.0,0.0,0.0,0.0,0.0,0.0,0.0,0.0,0.0,0.0,0.0,0.0,0.0,0.0,0.0,0.0,0.0,0.0,0.0,0.0,0.0,0.006974506974506974,0.0,0.035868893011750155,0.0,0.0,0.17037724180581323,0.0,0.0,0.0,0.0,0.0,0.0,0.0,0.0,0.0,0.0,0.0,0.02876984126984127,0.0,0.0,0.0,0.006974506974506974,0.0,0.0,0.0,0.060041407867494824,0.0,0.014091350826044704,0.0,0.0,0.0,0.0,0.0,0.0,0.0,0.0,0.0,0.0,0.0,0.0,0.0,0.0,0.0,0.0,0.0,0.0,0.0,0.0,0.0,0.0,0.0,0.0,0.0,0.0,0.0,0.0,0.0,0.0,0.017261904761904763,0.14672619047619048,0.0,0.008630952380952382,0.0,0.0,0.0,0.16196355085243974,0.006974506974506974,0.0,0.0,0.0,0.04817275747508305,0.04817275747508305,0.016057585825027684,0.0,0.02876984126984127,0.0,0.0,0.0,0.07671957671957672,0.0
15,Mykolaivs'ka oblast,UA-48,0.358974358974359,1.0,0.5897435897435898,0.0,0.6153846153846154,0.5333333333333333,0.6888888888888889,0.0,0.0,0.0,0.0,0.0,0.0,0.0,0.0,0.0,0.0,0.0,0.0,0.0,0.0,0.0,0.0,0.0,0.0,0.0,0.0,0.0,0.0,0.0,0.0,0.0,0.0,0.0,0.0,0.0,0.0,0.0,0.0,0.0,0.0,0.0,0.0,0.0,0.0,0.0,0.0,0.0,0.0,0.0,0.0,0.0,0.1764705882352941,0.0,0.0,0.0,0.0,0.0,0.0,0.0,0.0,0.0,0.0,0.0,0.0,0.0,0.0,0.0,0.0,0.0,0.0,0.0,0.0,0.0,0.07228915662650602,0.0,0.13253012048192772,0.0,0.0,0.0,0.0,0.0,0.0,0.0,0.0,0.0,0.0,0.0,0.0,0.0,0.0,0.0,0.0,0.0,0.0,0.0,0.0,0.0,0.0,0.0,0.0,0.0,0.0,0.0,0.0,0.0,0.0989010989010989,0.0,0.0,0.0,0.0,0.13636363636363638,0.0,0.0,0.0,0.0,0.0,0.0,0.0,0.0,0.0,0.12359550561797754,0.0,0.0,0.0,0.1627906976744186,0.0
16,Odessa Oblast,UA-51,0.4186046511627907,1.0,0.3023255813953488,0.06976744186046512,0.5348837209302325,0.7948717948717949,0.7692307692307693,0.0,0.0,0.0,0.0,0.0,0.0,0.0,0.0,0.0,0.0,0.0,0.04166666666666667,0.0,0.0,0.0,0.0,0.0,0.0,0.0,0.0,0.0,0.0,0.0,0.0,0.0,0.0,0.0,0.0,0.0,0.0,0.0,0.0,0.0,0.0,0.0,0.0,0.0,0.0,0.0,0.0,0.0,0.0,0.0,0.0,0.0,0.16279069767441862,0.0,0.0,0.0,0.0,0.0,0.0,0.0,0.0,0.0,0.0,0.0,0.0,0.0,0.0,0.0,0.0,0.0,0.0,0.0,0.07526881720430106,0.0,0.02040816326530612,0.0,0.0,0.0,0.0,0.0,0.0,0.0,0.0,0.0,0.0,0.0,0.0,0.0,0.0,0.0,0.0,0.0,0.0,0.0,0.0,0.0,0.0,0.0,0.0,0.0,0.0,0.0,0.0,0.0,0.0,0.0,0.13793103448275862,0.0,0.011494252873563218,0.0,0.0,0.02150537634408602,0.05376344086021505,0.0,0.0,0.0,0.0,0.0,0.02040816326530612,0.0,0.0,0.03092783505154639,0.0,0.0,0.0,0.0989010989010989,0.0
17,Poltavs'ka oblast,UA-53,0.5596184419713831,0.8648648648648649,0.27980922098569155,0.10174880763116058,0.7376788553259142,0.8378378378378378,1.0,0.0,0.0,0.1292326809568189,0.0,0.0,0.0,0.0,0.0,0.0,0.0,0.0,0.0,0.0,0.0,0.026748397882418496,0.0,0.0,0.0,0.0,0.0,0.0,0.0,0.0,0.0,0.0,0.0,0.0,0.0,0.0,0.0,0.0,0.0,0.0,0.0,0.0,0.0,0.0,0.0,0.0,0.0,0.0,0.0,0.0,0.0,0.0,0.15262321144674085,0.0,0.0,0.0,0.0,0.036036036036036036,0.0,0.0,0.0,0.0,0.0,0.0,0.07520564042303172,0.0,0.0,0.0,0.0,0.0,0.0,0.0,0.0,0.04700352526439482,0.0282021151586369,0.0,0.0,0.0,0.0,0.0,0.0,0.0,0.0,0.0,0.0,0.0,0.0,0.0,0.0,0.0,0.0,0.0,0.0,0.0,0.0,0.0,0.0,0.0,0.0,0.0,0.0,0.0,0.0,0.0,0.0,0.0,0.30387143900657415,0.0,0.0,0.0,0.0,0.0,0.0,0.0,0.0,0.026748397882418496,0.0,0.08236808236808237,0.08236808236808237,0.0,0.0,0.04551920341394026,0.0,0.0,0.0,0.1292326809568189,0.0
18,Rivnens'ka oblast,UA-56,0.4594594594594595,1.0,0.40540540540540543,0.10810810810810811,0.7297297297297297,0.4651162790697674,0.8604651162790697,0.0,0.0,0.0,0.0,0.0,0.0,0.06382978723404256,0.0,0.0,0.0,0.0,0.0,0.0,0.05263157894736842,0.0,0.0,0.0,0.0,0.0,0.0,0.0,0.0,0.0,0.0,0.0,0.0,0.0,0.0,0.0,0.0,0.0,0.0,0.0,0.0,0.0,0.0,0.0,0.0,0.0,0.0,0.05263157894736842,0.0,0.0,0.0,0.0,0.2987012987012987,0.0,0.0,0.0,0.0,0.0,0.0,0.0,0.0,0.0,0.0,0.0,0.0,0.0,0.0,0.0,0.0,0.0,0.0,0.0,0.0,0.0,0.08695652173913043,0.0,0.0,0.0,0.0,0.0,0.0,0.0,0.0,0.0,0.0,0.0,0.0,0.0,0.0,0.0,0.0,0.0,0.0,0.0,0.0,0.0,0.0,0.0,0.0,0.0,0.0,0.0,0.0,0.0,0.0,0.0,0.06666666666666667,0.0,0.04444444444444444,0.0,0.0,0.0,0.23456790123456792,0.0,0.0,0.0,0.0,0.1111111111111111,0.0,0.0,0.0,0.04166666666666667,0.0,0.0,0.0,0.1111111111111111,0.0
19,Sevastopol' city,UA-40,0.15217391304347827,1.0,0.2391304347826087,0.0,0.782608695652174,0.6888888888888889,0.5333333333333333,0.0,0.0,0.0,0.0,0.0,0.0,0.0,0.0,0.0,0.0,0.0,0.0,0.0,0.0,0.0,0.0,0.0,0.0,0.0,0.0,0.0,0.0,0.0,0.0,0.0,0.0,0.0,0.0,0.0,0.0,0.0,0.0,0.0,0.0,0.0,0.0,0.0,0.0,0.0,0.0,0.0,0.0,0.0,0.0,0.0,0.0,0.0,0.0,0.0,0.0,0.0,0.0,0.0,0.0,0.0,0.0,0.0,0.0,0.0,0.0,0.0,0.0,0.0,0.0,0.0,0.12359550561797752,0.0,0.0,0.0,0.0,0.0,0.0,0.0,0.0,0.0,0.0,0.0,0.0,0.0,0.0,0.0,0.0,0.0,0.0,0.0,0.0,0.0,0.0,0.0,0.0,0.0,0.0,0.0,0.0,0.0,0.0,0.0,0.0,0.0,0.1764705882352941,0.0,0.0,0.0,0.0,0.0,0.0,0.0,0.0,0.0,0.0,0.0,0.0,0.0,0.0,0.20481927710843373,0.0,0.0,0.0,0.0,0.0
20,Sums'ka oblast,UA-59,0.40540540540540543,1.0,0.24324324324324326,0.08108108108108109,0.972972972972973,0.9428571428571428,0.9142857142857143,0.0,0.0,0.0,0.0,0.0,0.0,0.0,0.0,0.0,0.0,0.0,0.0,0.0,0.0,0.0,0.0,0.0,0.0,0.0,0.0,0.0,0.0,0.0,0.0,0.0,0.0,0.0,0.0,0.0,0.0,0.0,0.0,0.0,0.0,0.0,0.0,0.0,0.0,0.0,0.0,0.0,0.0,0.0,0.0,0.0,0.0,0.0,0.0,0.0,0.0,0.0,0.0,0.0,0.0,0.0,0.0,0.0,0.0,0.0,0.0,0.0,0.0,0.0,0.0,0.0,0.0,0.26582278481012656,0.0,0.0,0.0,0.0,0.0,0.0,0.0,0.0,0.0,0.0,0.0,0.0,0.0,0.0,0.0,0.0,0.0,0.0,0.0,0.0,0.0,0.0,0.0,0.0,0.0,0.0,0.0,0.0,0.0,0.0,0.0,0.0,0.16279069767441862,0.0,0.0,0.0,0.0,0.0,0.0,0.0,0.0,0.0,0.0,0.0,0.35135135135135137,0.0,0.0,0.0,0.0,0.0,0.0,0.26582278481012656,0.0
21,Ternopil's'ka oblast,UA-61,0.3,1.0,0.475,0.0,0.725,0.65,0.85,0.0,0.0,0.0,0.0,0.0,0.0,0.0,0.0,0.0,0.0,0.0,0.0,0.0,0.0,0.0,0.0,0.0,0.0,0.0,0.0,0.0,0.0,0.0,0.0,0.0,0.0,0.0,0.0,0.0,0.0,0.0,0.0,0.0,0.0,0.0,0.0,0.0,0.0,0.0,0.0,0.05263157894736842,0.0,0.0410958904109589,0.0,0.0,0.3287671232876712,0.0,0.0,0.0,0.0,0.0,0.0,0.0,0.0,0.0,0.0,0.0,0.07526881720430108,0.0,0.0,0.0,0.0,0.0,0.0,0.0,0.0,0.0,0.0,0.0,0.0,0.05263157894736842,0.0,0.0,0.0,0.0,0.0,0.0,0.0,0.0,0.0,0.0,0.0,0.0,0.0,0.0,0.0,0.0,0.0,0.0,0.0,0.0,0.0,0.0,0.0,0.0,0.0,0.0,0.0,0.07407407407407407,0.08641975308641975,0.0,0.07407407407407407,0.0,0.0,0.0,0.25,0.0,0.0,0.0,0.0,0.09890109890109891,0.0,0.0,0.0,0.07526881720430108,0.0,0.0,0.0,0.0,0.0
22,Vinnyts'ka oblast,UA-05,0.4358974358974359,1.0,0.38461538461538464,0.07692307692307693,0.6666666666666666,0.75,0.725,0.024999999999999998,0.0,0.030927835051546396,0.0,0.0,0.0,0.0,0.05434782608695652,0.0,0.03260869565217391,0.0,0.0,0.0,0.0,0.0,0.0,0.0,0.0,0.0,0.0,0.0,0.0,0.0,0.0,0.0,0.0,0.0,0.0,0.0,0.0,0.0,0.0,0.0,0.0,0.0,0.0,0.0,0.02040816326530612,0.0,0.0,0.052631578947368425,0.0,0.0,0.0,0.0,0.20481927710843373,0.0,0.0,0.0,0.0,0.0,0.0,0.0,0.0,0.0,0.0,0.0,0.0,0.0,0.0,0.0,0.0,0.0,0.0,0.0,0.0,0.0,0.0,0.0,0.0,0.0,0.0,0.0,0.0,0.0,0.0,0.0,0.0,0.0,0.0,0.0,0.0,0.0,0.0,0.0,0.0,0.0,0.0,0.0,0.0,0.0,0.0,0.0,0.0,0.0,0.0,0.0,0.0,0.024999999999999998,0.225,0.0,0.0,0.0,0.0,0.052631578947368425,0.0,0.0,0.0,0.0,0.0,0.06593406593406592,0.0,0.03296703296703296,0.0,0.0,0.0,0.0,0.0,0.1764705882352941,0.0
23,Volyns'ka oblast,UA-07,0.42134442134442135,0.8205128205128205,0.4435204435204435,0.0,0.5322245322245323,0.7435897435897436,1.0,0.0,0.0,0.0,0.0,0.0,0.0,0.0,0.0,0.0,0.19246597024374804,0.0,0.0,0.0,0.0,0.0,0.0,0.0,0.0,0.0,0.0,0.0,0.0,0.0,0.0,0.0,0.0,0.0,0.0,0.0,0.0,0.0,0.0,0.0,0.0,0.0,0.0,0.0,0.0,0.0,0.0,0.0,0.0,0.0,0.0,0.0,0.3351390393643915,0.0,0.0,0.0,0.0,0.0,0.0,0.0,0.0,0.0,0.0,0.0,0.09116809116809116,0.0,0.0,0.0,0.0,0.0,0.0,0.0,0.0,0.043184885290148446,0.0,0.0,0.0,0.0,0.0,0.0,0.0,0.0,0.0,0.0,0.0,0.0,0.0,0.0,0.0,0.0,0.0,0.0,0.0,0.0,0.0,0.0,0.0,0.0,0.0,0.0,0.0,0.0,0.0,0.0,0.0,0.0,0.2314266929651545,0.0,0.0,0.0,0.0,0.14035087719298248,0.11875843454790824,0.0,0.0,0.0,0.0,0.0713489409141583,0.0,0.0,0.0,0.0,0.0,0.0,0.0,0.0,0.0
24,Zakarpats'ka oblast,UA-21,0.8602150537634409,0.7619047619047619,0.27035330261136714,0.02457757296466974,0.5407066052227343,0.6190476190476191,1.0,0.0,0.0,0.0,0.0,0.0,0.0,0.0,0.0,0.0,0.0,0.0,0.0,0.0,0.0486322188449848,0.0,0.0,0.0,0.0,0.0,0.0,0.0,0.0,0.0,0.0,0.0,0.0,0.0,0.0,0.0,0.0,0.0,0.0,0.0,0.0,0.0,0.0,0.0,0.0,0.0,0.0,0.0,0.0,0.09039548022598871,0.0,0.0,0.43906376109765943,0.0,0.0,0.0,0.0,0.0,0.0,0.0,0.0,0.0,0.0,0.0,0.0,0.0,0.0,0.0,0.0,0.0,0.0,0.0,0.07535321821036108,0.2087410306588389,0.0730593607305936,0.0,0.0,0.0,0.0,0.0,0.0,0.0,0.0,0.0,0.0,0.0,0.0,0.0,0.0,0.0,0.0,0.0,0.0,0.0,0.0,0.0,0.0,0.0,0.0,0.0,0.0,0.0,0.0,0.0,0.0,0.0,0.22758194186765618,0.0,0.0,0.0,0.0,0.0,0.15605278255880664,0.0,0.0,0.0,0.0,0.108843537414966,0.17414965986394557,0.04353741496598639,0.0,0.05734767025089605,0.0,0.0,0.0,0.0,0.0
25,Zaporiz'ka oblast,UA-23,0.3764285714285714,0.7749999999999999,0.3985714285714286,0.13285714285714284,0.5314285714285714,0.725,1.0,0.0,0.0,0.0,0.0,0.0,0.0,0.0,0.0,0.0,0.0,0.0,0.0,0.0,0.0,0.0,0.0,0.0,0.0,0.0,0.0,0.0,0.0,0.0,0.0,0.0,0.0,0.0,0.0,0.0,0.0,0.0,0.0,0.0,0.0,0.0,0.0,0.0,0.0,0.0,0.0,0.0,0.0,0.0,0.0,0.0,0.2185897435897436,0.0,0.0,0.0,0.0,0.0,0.0,0.0,0.0,0.0,0.0,0.0,0.0,0.0,0.0,0.0,0.0,0.0,0.0,0.0,0.0,0.0,0.0,0.0,0.06739130434782609,0.0,0.0,0.0,0.0,0.0,0.0,0.0,0.0,0.0,0.0,0.0,0.0,0.0,0.0,0.0,0.0,0.0,0.0,0.0,0.0,0.0,0.0,0.0,0.0,0.0,0.0,0.0,0.0,0.0,0.2060126582278481,0.0,0.0,0.0,0.0,0.0,0.0,0.0,0.0,0.07664835164835165,0.0,0.0,0.07664835164835165,0.0,0.0,0.15873493975903613,0.0,0.0,0.0,0.12616279069767442,0.0
26,Zhytomyrs'ka oblast,UA-18,0.2619047619047619,1.0,0.2619047619047619,0.11904761904761904,0.7380952380952381,0.525,0.9750000000000001,0.0,0.0,0.0,0.0,0.0,0.0,0.0,0.0,0.0,0.0,0.0,0.0,0.0,0.0,0.0,0.0,0.0,0.0,0.0,0.0,0.0,0.0,0.0,0.0,0.0,0.0,0.0,0.0,0.0,0.0,0.0,0.0,0.0,0.0,0.0,0.0,0.0,0.0,0.0,0.0,0.0,0.0,0.0,0.0,0.0,0.0,0.0,0.0,0.0,0.0,0.0,0.0,0.0,0.0,0.0,0.0,0.0,0.05263157894736842,0.0,0.0,0.0,0.0,0.0,0.0,0.0,0.0,0.0,0.0,0.0,0.0,0.041666666666666664,0.0,0.0,0.0,0.0,0.0,0.0,0.0,0.0,0.0,0.0,0.0,0.0,0.0,0.0,0.0,0.0,0.0,0.0,0.0,0.0,0.0,0.0,0.0,0.0,0.0,0.0,0.0,0.0,0.3698630136986301,0.0,0.0,0.0,0.0,0.0,0.2345679012345679,0.0,0.0,0.0,0.0,0.0,0.15853658536585366,0.06097560975609756,0.0,0.041666666666666664,0.0,0.0,0.0,0.07526881720430108,0.0
