date,امشي الى,مأوى,أجرة السفر جوا,مطار بالقرب مني,قارب,قطار سريع,قافلة,محطة,حافلة,أمتعة السفر,الفندق,نزل,شقة مستأجرة,حركة السير,تذكرة,فندق صغير,القيادة,أجرة الطيران,الطرق,شاحنة,عمل,شغل,رخصة الشغل,رخصة العمل,عملة,مساعدة,الصليب الاحمر,إعفاء,إنقاذ,إسعاف,مساعدة إجتماعية,ملجأ,قدم طلبا,تقديم طلب,دفع,جواز السفر,وثائق,قنصلية,سفارة,حماية,أين الراحة,اين الملجأ,إيجاد مأوى,يجب أن أغادر,يجب المغادرةالسكن,منازل في العراق,مكان للإقامة,مكان السكن,الطريق إلى,منطقة آمنة,حدود,اجتياز,فتح معبر حدودي,أقرب معبر حدودي,معبر حدودي آمن,الانتقال إلى العراق,الهروب من العراق,يف الهروب من العراق,مكان آمن,لاجئ,حق اللجوء السياسي,اسعاف,مغادرة العراق,الطريق الآمن,طريق آمن,ممر آمن,مخرج,ساعدني في الخروج,كيف تغادر غدا
2018-01-01,0,0,0,0,46,0.0,5.0,20.0,0.0,0.0,11.0,8.0,0.0,0.0,16.0,0.0,21.0,0.0,3.0,1.0,77.0,2.3863636363636362,0.0,0.0,2.1136363636363633,0.9062140391254314,0.21144994246260068,0.0,0.0,0.0,0.0,0.21144994246260068,0.0,0.26431242807825084,2.2730868814729575,0.7929372842347525,0.31717491369390105,0.31717491369390105,0.8325841484464902,3.0528085443037978,0.0,0.0,0.0,0.0,0.0,0.0,0.0,0.0,0.0,0.0,28.0,1.0,0.0,0.0,0.0,0.0,0.0,0.0,0.0,0.0,0.0,65.0,0.0,0.0,0.0,0.0,38.0,0.0,0.0
2018-02-01,0,0,0,0,54,0.0,6.0,19.0,10.0,0.0,60.0,55.0,0.0,0.0,23.076923076923077,0.0,26.923076923076923,0.0,30.0,0.0,760.0,18.979591836734695,0.0,0.0,32.44897959183673,6.051464063886424,0.0,0.0,0.8251996450754215,0.0,0.0,23.0,0.0,3.0,35.0,16.0,10.0,7.6923076923076925,19.230769230769234,50.769230769230774,0.0,0.0,0.0,0.0,0.0,82.0,0.0,0.0,96.0,0.0,32.0,3.0,0.0,0.0,0.0,0.0,0.0,0.0,0.0,0.0,0.0,61.0,0.0,0.0,0.0,0.0,30.0,0.0,0.0
2018-03-01,0,0,0,0,66,0.0,0.0,22.0,6.0,0.0,66.0,54.0,0.0,0.0,18.75,0.0,30.0,0.0,24.0,0.0,432.0,10.909090909090908,0.0,0.0,17.89090909090909,7.402597402597402,1.5584415584415583,0.0,0.0,0.0,0.0,1.1988011988011986,0.0,2.1818181818181817,10.285714285714285,3.4285714285714284,3.4285714285714284,2.5142857142857142,5.714285714285714,21.714285714285715,0.0,0.0,0.0,0.0,0.0,39.0,0.0,0.0,0.0,0.0,40.0,1.0,0.0,0.0,0.0,0.0,0.0,0.0,0.0,69.0,0.0,51.0,0.0,0.0,0.0,0.0,30.0,0.0,0.0
2018-04-01,0,0,0,0,45,0.0,0.0,31.0,7.0,0.0,105.0,84.0,0.0,0.0,21.0,0.0,29.555555555555557,0.0,28.0,0.0,490.0,13.745454545454544,0.0,0.0,22.909090909090907,8.018181818181818,1.1454545454545453,0.0,0.0,0.0,0.0,3.818181818181818,0.0,2.8636363636363633,11.454545454545453,3.1499999999999995,2.0045454545454544,1.559090909090909,7.127272727272727,14.922727272727272,0.0,0.0,0.0,0.0,0.0,36.0,0.0,0.0,0.0,0.0,56.0,0.0,0.0,0.0,0.0,0.0,0.0,0.0,0.0,0.0,0.0,52.0,0.0,0.0,0.0,0.0,30.0,0.0,0.0
2018-05-01,0,29,0,0,30,0.0,4.0,55.0,11.0,0.0,55.0,82.5,0.0,0.0,30.642857142857142,0.0,22.785714285714285,0.0,33.0,11.0,1023.0,18.333333333333336,0.0,0.0,29.944444444444446,6.567164179104479,2.4626865671641793,1.6417910447761197,0.0,0.0,0.0,13.462686567164178,0.0,2.4626865671641793,18.470149253731343,5.746268656716418,0.0,14.0,37.0,63.0,0.0,0.0,0.0,0.0,0.0,57.0,0.0,0.0,95.0,0.0,33.0,0.0,0.0,0.0,0.0,0.0,0.0,0.0,0.0,0.0,0.0,63.0,0.0,0.0,0.0,0.0,39.0,0.0,0.0
2018-06-01,0,36,0,0,61,0.0,2.0,66.0,4.0,0.0,48.0,48.0,0.0,0.0,30.666666666666664,0.0,12.0,0.0,8.0,0.0,308.0,5.818181818181818,0.0,0.0,12.121212121212121,4.939965694682676,0.8782161234991424,0.0,0.0,0.0,0.0,4.265621171281548,0.0,1.4051457975986277,10.011663807890223,2.8102915951972554,0.5269296740994853,0.9221269296740993,3.161578044596912,8.167409948542023,0.0,0.0,0.0,0.0,0.0,0.0,0.0,0.0,0.0,0.0,28.0,1.0,0.0,0.0,0.0,0.0,0.0,0.0,0.0,79.0,0.0,34.0,0.0,0.0,0.0,0.0,24.0,0.0,0.0
2018-07-01,0,0,0,0,60,0.0,0.0,43.0,0.0,0.0,9.0,9.0,0.0,0.0,41.0,0.0,27.0,0.0,2.0,1.0,69.0,1.7297297297297298,0.0,0.0,3.027027027027027,0.8168168168168168,0.0,0.0,0.0,0.0,0.0,84.0,0.0,4.0,39.0,28.0,0.0,12.0,30.0,39.0,0.0,0.0,0.0,0.0,0.0,0.0,0.0,0.0,0.0,0.0,36.0,0.0,0.0,0.0,0.0,0.0,0.0,0.0,0.0,0.0,0.0,42.0,0.0,0.0,0.0,0.0,35.0,0.0,0.0
2018-08-01,0,0,0,0,78,0.0,13.0,30.0,9.0,0.0,54.0,49.5,0.0,0.0,27.0,0.0,19.5,0.0,27.0,0.0,549.0,17.307692307692307,0.0,0.0,41.53846153846154,7.72664835164835,0.927197802197802,0.0,0.927197802197802,0.0,0.0,16.921359890109887,0.0,0.0,17.153159340659336,5.563186813186812,5.099587912087911,5.463844191522762,10.927688383045524,17.84855769230769,0.0,0.0,0.0,0.0,0.0,0.0,0.0,0.0,28.0,0.0,61.0,0.0,0.0,0.0,0.0,0.0,0.0,0.0,0.0,0.0,0.0,67.0,0.0,0.0,0.0,0.0,31.0,0.0,0.0
2018-09-01,0,0,0,0,97,0.0,3.0,33.0,4.0,0.0,44.0,36.0,0.0,0.0,20.8,0.0,20.8,0.0,12.0,4.0,248.0,8.235294117647058,0.0,0.0,10.352941176470589,3.4841628959276014,1.478129713423831,0.3167420814479638,0.7390648567119155,0.0,0.0,3.277591973244147,0.0,0.8211831741243505,5.748282218870454,3.284732696497402,0.8211831741243505,0.9384950561421148,2.69817328640858,5.982905982905982,0.0,0.0,0.0,0.0,0.0,0.0,0.0,0.0,0.0,0.0,65.0,1.0,0.0,0.0,0.0,0.0,0.0,0.0,0.0,0.0,0.0,45.0,0.0,0.0,0.0,0.0,31.0,0.0,0.0
2018-10-01,0,0,0,0,60,0.0,7.0,46.0,4.0,0.0,48.0,32.0,0.0,0.0,24.0,0.0,31.200000000000003,0.0,16.0,0.0,240.0,8.40677966101695,0.0,0.0,13.830508474576272,3.602905569007264,0.0,0.48038740920096856,0.48038740920096856,0.0,0.0,33.0,0.0,0.0,32.0,16.0,7.0,8.399999999999999,16.099999999999998,42.0,0.0,0.0,0.0,0.0,0.0,64.0,0.0,0.0,0.0,0.0,66.0,1.0,0.0,0.0,0.0,0.0,0.0,0.0,0.0,0.0,0.0,78.0,0.0,0.0,0.0,0.0,22.0,0.0,0.0
2018-11-01,0,0,0,0,58,0.0,3.0,67.0,0.0,0.0,11.0,10.0,0.0,0.0,25.0,0.0,24.0,0.0,3.0,0.0,64.0,1.611111111111111,0.0,0.0,1.8333333333333333,0.5858585858585857,0.17087542087542085,0.0,0.09764309764309763,0.0,0.0,0.2990319865319865,0.0,0.25631313131313127,1.196127946127946,0.5126262626262625,0.5126262626262625,0.16019570707070704,0.6407828282828282,1.9543876262626259,0.0,0.0,0.0,0.0,0.0,43.0,0.0,0.0,30.0,0.0,34.0,3.0,0.0,0.0,0.0,0.0,0.0,0.0,0.0,0.0,0.0,51.0,0.0,0.0,0.0,0.0,31.0,0.0,0.0
2018-12-01,0,18,0,0,39,0.0,0.0,48.0,0.0,0.0,10.0,12.0,0.0,0.0,29.0,0.0,19.0,0.0,4.0,0.0,69.0,1.7575757575757576,0.0,0.0,2.1818181818181817,0.9586776859504132,0.18640955004591367,0.0,0.0,0.0,0.0,1.5534129170492805,0.0,0.18640955004591367,1.118457300275482,0.6710743801652892,0.44738292011019276,0.1677685950413223,0.5592286501377409,2.292837465564738,0.0,0.0,0.0,0.0,0.0,0.0,0.0,0.0,0.0,0.0,37.0,1.0,0.0,0.0,0.0,0.0,0.0,0.0,0.0,0.0,0.0,35.0,0.0,0.0,0.0,0.0,22.0,0.0,0.0
2019-01-01,0,0,0,0,55,0.0,5.0,37.0,6.0,0.0,60.0,66.0,0.0,0.0,18.857142857142858,0.0,24.0,0.0,24.0,6.0,366.0,11.225806451612902,0.0,0.0,20.516129032258064,5.78299120234604,0.0,2.0410557184750733,0.0,0.0,0.0,85.0,0.0,0.0,40.0,13.0,6.0,0.0,10.5,43.5,0.0,0.0,0.0,0.0,0.0,71.0,0.0,0.0,50.0,0.0,35.0,2.0,0.0,0.0,0.0,0.0,0.0,0.0,0.0,0.0,0.0,100.0,0.0,0.0,0.0,0.0,20.0,0.0,0.0
2019-02-01,0,0,0,0,61,0.0,0.0,55.0,4.0,0.0,36.0,36.0,0.0,0.0,16.0,0.0,17.333333333333332,0.0,12.0,4.0,256.0,6.444444444444444,0.0,0.0,10.0,2.05050505050505,0.0,0.0,0.0,16.0,0.0,62.0,0.0,10.0,47.0,22.0,5.0,10.0,17.142857142857142,34.285714285714285,0.0,0.0,0.0,0.0,0.0,72.0,0.0,0.0,0.0,0.0,37.0,0.0,0.0,0.0,0.0,0.0,0.0,0.0,0.0,0.0,0.0,46.0,0.0,0.0,0.0,0.0,30.0,0.0,0.0
2019-03-01,0,0,0,0,46,0.0,0.0,37.0,9.0,0.0,40.5,40.5,0.0,0.0,22.090909090909093,0.0,24.545454545454547,0.0,36.0,0.0,531.0,15.254237288135593,0.0,0.0,28.067796610169495,11.775200713648529,2.6761819803746656,2.1409455842997325,0.0,0.0,0.0,3.847011596788582,0.0,2.230151650312221,13.826940231935772,9.36663693131133,1.3380909901873328,0.0,6.422836752899197,15.52185548617306,0.0,0.0,0.0,0.0,0.0,83.0,0.0,0.0,0.0,0.0,30.0,0.0,0.0,0.0,0.0,0.0,0.0,0.0,0.0,0.0,0.0,74.0,0.0,0.0,0.0,0.0,18.0,0.0,0.0
2019-04-01,0,57,0,0,56,0.0,3.0,46.0,11.0,0.0,55.0,60.5,0.0,0.0,24.357142857142858,0.0,22.785714285714285,0.0,33.0,11.0,693.0,15.23076923076923,0.0,0.0,30.46153846153846,11.564102564102564,1.4102564102564101,0.0,0.0,1.2339743589743588,0.0,4.759615384615384,0.0,0.0,18.8034188034188,3.29059829059829,1.88034188034188,0.0,12.786324786324784,21.059829059829056,0.0,0.0,0.0,0.0,0.0,0.0,0.0,0.0,0.0,0.0,31.0,0.0,0.0,0.0,0.0,0.0,0.0,0.0,0.0,0.0,0.0,63.0,0.0,0.0,0.0,0.0,25.0,0.0,0.0
2019-05-01,0,0,0,0,64,0.0,6.0,28.0,6.0,0.0,600.0,96.0,0.0,0.0,27.75,0.0,17.25,0.0,24.0,0.0,522.0,9.375,0.0,0.0,17.625,6.4144736842105265,1.3157894736842106,0.0,0.0,0.6578947368421053,0.0,1.2218045112781957,0.0,1.0526315789473686,16.05263157894737,5.2631578947368425,2.105263157894737,1.5311004784688997,4.784688995215312,11.483253588516748,0.0,0.0,0.0,0.0,0.0,0.0,0.0,0.0,0.0,0.0,66.0,0.0,0.0,0.0,0.0,0.0,0.0,0.0,0.0,0.0,0.0,48.0,0.0,0.0,0.0,0.0,23.0,0.0,0.0
2019-06-01,0,31,0,0,93,0.0,5.0,37.0,0.0,0.0,30.0,11.0,0.0,0.0,35.0,0.0,25.0,0.0,2.0,0.0,53.0,1.7692307692307694,0.0,0.0,3.076923076923077,0.8505917159763313,0.3062130177514793,0.0,0.0,0.0,0.0,0.12248520710059171,0.0,0.3062130177514793,2.092455621301775,0.7655325443786983,0.4082840236686391,0.25981710597095214,1.3733189887036041,1.9300699300699302,0.0,0.0,0.0,0.0,0.0,0.0,0.0,0.0,0.0,0.0,59.0,1.0,0.0,0.0,0.0,0.0,0.0,0.0,0.0,0.0,0.0,25.0,0.0,0.0,0.0,0.0,32.0,0.0,0.0
2019-07-01,0,0,0,0,60,0.0,20.0,31.0,8.0,0.0,92.0,52.0,0.0,0.0,23.272727272727273,0.0,12.363636363636363,0.0,16.0,8.0,456.0,12.342857142857142,0.0,0.0,25.142857142857142,6.377142857142856,1.0285714285714285,0.0,0.617142857142857,0.0,0.0,1.5999999999999996,0.0,2.057142857142857,13.028571428571427,5.142857142857142,0.6857142857142856,3.8857142857142852,6.399999999999999,13.485714285714284,0.0,0.0,0.0,0.0,0.0,0.0,0.0,0.0,27.0,0.0,50.0,0.0,0.0,0.0,0.0,0.0,0.0,0.0,0.0,0.0,0.0,41.0,0.0,0.0,0.0,0.0,37.0,0.0,0.0
2019-08-01,0,0,0,0,0,0.0,6.0,42.0,21.0,0.0,105.0,57.75,0.0,0.0,42.0,0.0,24.75,0.0,42.0,0.0,1113.0,43.55555555555556,0.0,0.0,76.22222222222223,21.4320987654321,4.839506172839506,0.0,4.148148148148149,0.0,0.0,6.049382716049383,0.0,4.839506172839506,41.619753086419756,8.71111111111111,6.775308641975308,7.528120713305898,15.809053497942386,36.8877914951989,0.0,0.0,0.0,0.0,0.0,0.0,0.0,0.0,71.0,0.0,61.0,2.0,0.0,0.0,0.0,0.0,0.0,0.0,0.0,0.0,0.0,20.0,0.0,0.0,0.0,0.0,29.0,0.0,0.0
2019-09-01,0,0,0,0,58,0.0,4.0,29.0,11.0,0.0,82.5,71.5,0.0,0.0,25.666666666666664,0.0,19.799999999999997,0.0,22.0,0.0,616.0,16.054054054054056,0.0,0.0,30.324324324324326,5.986257443884563,0.0,0.0,0.0,0.0,0.0,12.0,0.0,12.0,38.0,9.0,6.0,7.5,18.0,54.0,0.0,0.0,0.0,0.0,0.0,0.0,0.0,0.0,83.0,0.0,100.0,0.0,0.0,0.0,0.0,0.0,0.0,0.0,0.0,0.0,0.0,52.0,0.0,0.0,0.0,0.0,21.0,0.0,0.0
2019-10-01,0,47,0,0,30,0.0,0.0,25.0,5.0,0.0,80.0,40.0,0.0,0.0,14.285714285714286,0.0,20.0,0.0,25.0,0.0,240.0,7.142857142857142,0.0,0.0,13.96103896103896,3.0612244897959178,0.0,0.0,0.0,0.0,0.0,13.0,0.0,11.0,35.0,8.0,4.0,0.0,14.4,41.6,0.0,0.0,0.0,0.0,0.0,64.0,0.0,0.0,0.0,0.0,96.0,1.0,0.0,0.0,0.0,0.0,0.0,0.0,0.0,78.0,0.0,30.0,0.0,0.0,0.0,0.0,29.0,0.0,0.0
2019-11-01,0,36,0,0,0,0.0,0.0,22.0,4.0,0.0,52.0,40.0,0.0,0.0,16.666666666666664,0.0,16.666666666666664,0.0,16.0,4.0,184.0,5.694915254237288,0.0,0.0,13.830508474576272,4.362062747926434,0.6058420483231157,0.4846736386584926,0.6058420483231157,0.0,0.0,0.0,0.0,0.8077893977641543,7.270104579877389,2.423368193292463,4.24089433826181,0.9087630724846734,3.6350522899386934,6.967183555715829,0.0,0.0,0.0,0.0,0.0,0.0,0.0,0.0,0.0,0.0,38.0,0.0,0.0,0.0,0.0,0.0,0.0,0.0,0.0,0.0,0.0,86.0,0.0,0.0,0.0,0.0,32.0,0.0,0.0
2019-12-01,0,0,0,0,43,0.0,0.0,24.0,9.0,0.0,58.5,45.0,0.0,0.0,16.5,0.0,30.0,0.0,36.0,0.0,486.0,17.084745762711865,0.0,0.0,24.40677966101695,8.677966101694915,1.3559322033898304,0.0,1.0847457627118644,0.0,0.0,1.958568738229755,0.0,1.807909604519774,14.01129943502825,3.615819209039548,2.2598870056497176,3.5512510088781273,7.102502017756255,11.299435028248586,0.0,0.0,0.0,0.0,0.0,0.0,0.0,0.0,35.0,0.0,37.0,0.0,0.0,0.0,0.0,0.0,0.0,0.0,0.0,62.0,0.0,51.0,0.0,0.0,0.0,0.0,27.0,0.0,0.0
2020-01-01,0,0,0,0,55,0.0,0.0,37.0,3.0,0.0,45.0,30.0,0.0,0.0,29.0,0.0,28.0,0.0,12.0,0.0,162.0,4.524590163934426,0.0,0.0,9.442622950819672,2.9025672749768012,0.5122177544076708,0.5975873801422826,0.0,0.0,0.0,0.2561088772038354,0.0,0.5122177544076708,5.890504175688214,2.176925456232601,0.7683266316115063,1.1951747602845653,3.4147850293844724,4.183111660995978,0.0,0.0,0.0,0.0,0.0,0.0,0.0,0.0,0.0,0.0,29.0,0.0,0.0,0.0,0.0,0.0,0.0,0.0,0.0,48.0,0.0,49.0,0.0,0.0,0.0,0.0,33.0,0.0,0.0
2020-02-01,0,0,0,0,42,0.0,3.0,18.0,8.0,0.0,60.0,44.0,0.0,0.0,10.90909090909091,0.0,26.181818181818183,0.0,32.0,8.0,400.0,15.466666666666667,0.0,0.0,24.53333333333333,8.09025641025641,2.1415384615384614,0.7138461538461538,1.1897435897435897,0.0,0.0,3.8547692307692305,0.0,2.1415384615384614,19.27384615384615,3.926153846153846,1.7846153846153845,3.2717948717948717,8.625641025641025,19.035897435897436,0.0,0.0,0.0,0.0,0.0,0.0,0.0,0.0,0.0,0.0,32.0,0.0,0.0,0.0,0.0,0.0,0.0,0.0,0.0,71.0,0.0,84.0,0.0,0.0,0.0,0.0,33.0,0.0,0.0
2020-03-01,0,0,0,0,0,0.0,2.0,27.0,2.0,0.0,36.0,24.0,0.0,0.0,18.0,0.0,27.0,0.0,10.0,2.0,132.0,4.084507042253521,0.0,0.0,6.19718309859155,2.8277356446370527,0.31419284940411696,0.1885157096424702,0.0,0.0,0.0,0.15709642470205848,0.0,0.4189237992054893,6.807511737089201,0.6283856988082339,0.31419284940411696,0.20946189960274464,1.9898880462260742,4.293968941856265,0.0,0.0,0.0,0.0,0.0,0.0,0.0,0.0,0.0,0.0,39.0,0.0,0.0,0.0,0.0,0.0,0.0,0.0,0.0,0.0,0.0,87.0,0.0,0.0,0.0,0.0,37.0,0.0,0.0
2020-04-01,0,31,0,0,26,0.0,2.0,33.0,4.0,0.0,60.0,64.0,0.0,0.0,12.0,0.0,28.0,0.0,24.0,0.0,400.0,7.199999999999999,0.0,0.0,10.08,5.717647058823529,0.0,0.0,0.3176470588235294,0.0,0.0,24.0,0.0,2.0,64.0,4.0,4.0,0.0,12.8,49.6,0.0,0.0,0.0,0.0,0.0,0.0,0.0,0.0,0.0,0.0,78.0,0.0,0.0,0.0,0.0,0.0,0.0,0.0,0.0,0.0,0.0,64.0,0.0,0.0,0.0,0.0,53.0,0.0,0.0
2020-05-01,0,0,0,0,50,0.0,3.0,36.0,6.0,0.0,84.0,120.0,0.0,0.0,15.75,0.0,17.25,0.0,24.0,6.0,498.0,11.446153846153846,0.0,0.0,16.615384615384617,7.796655518394649,0.6635451505016723,0.0,0.0,0.0,0.0,1.7062589584328718,0.0,1.769453734671126,19.46399108138239,0.0,1.769453734671126,0.6434377216985913,2.0911725955204217,10.777581838451404,0.0,0.0,0.0,0.0,0.0,33.0,0.0,0.0,0.0,0.0,36.0,0.0,0.0,0.0,0.0,0.0,0.0,0.0,0.0,0.0,0.0,54.0,0.0,0.0,0.0,0.0,77.0,0.0,0.0
2020-06-01,0,76,0,0,40,0.0,0.0,40.0,9.0,0.0,72.0,54.0,0.0,0.0,9.818181818181818,0.0,49.909090909090914,0.0,45.0,0.0,639.0,15.0,0.0,0.0,23.57142857142857,12.142857142857142,1.6666666666666665,0.0,1.9047619047619047,1.111111111111111,0.0,1.6666666666666665,0.0,1.0,17.0,2.0,3.0,1.25,5.5,25.0,0.0,0.0,0.0,0.0,0.0,0.0,0.0,0.0,46.0,0.0,38.0,0.0,0.0,0.0,0.0,0.0,0.0,0.0,0.0,0.0,0.0,82.0,0.0,0.0,0.0,0.0,36.0,0.0,0.0
2020-07-01,0,0,0,0,40,0.0,5.0,35.0,7.0,0.0,105.0,98.0,0.0,0.0,11.899999999999999,0.0,28.7,0.0,35.0,7.0,413.0,11.807228915662652,0.0,0.0,21.506024096385545,7.808006218422077,1.5235134084726003,0.0,0.5713175281772251,0.0,0.0,1.414691022153129,0.0,1.8282160901671205,20.415079673532844,3.961134862028761,0.6094053633890402,0.0,3.0470268169452006,14.422593600207284,0.0,0.0,0.0,0.0,0.0,30.0,0.0,0.0,33.0,0.0,41.0,2.0,0.0,0.0,0.0,0.0,0.0,0.0,0.0,100.0,0.0,61.0,0.0,0.0,0.0,0.0,40.0,0.0,0.0
2020-08-01,0,21,0,0,64,0.0,7.0,24.0,10.0,0.0,80.0,65.0,0.0,0.0,19.285714285714285,0.0,19.285714285714285,0.0,50.0,10.0,540.0,24.305555555555554,0.0,0.0,33.33333333333333,13.710826210826209,0.6232193732193732,0.0,2.4928774928774926,0.9348290598290597,0.0,1.558048433048433,0.0,1.8696581196581195,16.826923076923077,0.6232193732193732,1.558048433048433,2.4483618233618234,5.119301994301995,12.90954415954416,0.0,0.0,0.0,0.0,0.0,82.0,0.0,0.0,70.0,0.0,32.0,2.0,0.0,0.0,0.0,0.0,0.0,0.0,0.0,0.0,0.0,46.0,0.0,0.0,0.0,0.0,38.0,0.0,0.0
2020-09-01,0,46,0,0,42,0.0,2.0,28.0,8.0,0.0,52.0,52.0,0.0,0.0,13.090909090909092,0.0,31.272727272727273,0.0,32.0,8.0,384.0,10.029850746268657,0.0,0.0,23.402985074626866,9.60304858685297,0.6402032391235313,0.0,0.0,0.7682438869482375,0.0,0.0,0.0,1.6005080978088282,18.24579231502064,3.2010161956176564,3.8412194347411877,1.7925690695458876,8.450682756430613,16.3892029215624,0.0,0.0,0.0,0.0,0.0,0.0,0.0,0.0,52.0,0.0,43.0,0.0,0.0,0.0,0.0,0.0,0.0,0.0,0.0,0.0,0.0,91.0,0.0,0.0,0.0,0.0,44.0,0.0,0.0
2020-10-01,0,28,0,0,18,0.0,4.0,41.0,9.0,0.0,67.5,58.5,0.0,0.0,13.90909090909091,0.0,26.181818181818183,0.0,45.0,9.0,459.0,17.171052631578945,0.0,0.0,28.421052631578945,11.44736842105263,1.8211722488038276,0.0,0.7805023923444975,0.0,0.0,0.0,0.0,2.2764653110047846,20.032894736842103,5.91880980861244,2.731758373205741,2.731758373205741,7.414772727272726,16.390550239234447,0.0,0.0,0.0,0.0,0.0,77.0,0.0,0.0,94.0,0.0,85.0,1.0,0.0,0.0,0.0,0.0,0.0,0.0,0.0,0.0,0.0,54.0,0.0,0.0,0.0,0.0,37.0,0.0,0.0
2020-11-01,0,0,0,0,52,0.0,0.0,31.0,4.0,0.0,56.0,64.0,0.0,0.0,20.8,0.0,28.0,0.0,20.0,4.0,188.0,7.733333333333333,0.0,0.0,12.533333333333333,3.7458333333333336,0.3625,0.0,0.6041666666666666,0.0,0.0,0.634375,0.0,1.99375,9.7875,2.3562499999999997,0.3625,1.99375,3.625,9.7875,0.0,0.0,0.0,0.0,0.0,33.0,0.0,0.0,0.0,0.0,68.0,1.0,0.0,0.0,0.0,0.0,0.0,0.0,0.0,0.0,0.0,55.0,0.0,0.0,0.0,0.0,28.0,0.0,0.0
2020-12-01,0,52,0,0,20,0.0,0.0,34.0,7.0,0.0,91.0,98.0,0.0,0.0,14.0,0.0,20.22222222222222,0.0,35.0,7.0,315.0,13.243243243243244,0.0,0.0,26.013513513513512,8.97122929380994,0.8544027898866609,1.0680034873583262,1.2816041848299913,0.0,0.0,0.996803254867771,0.0,2.9904097646033128,14.097646033129903,5.553618134263296,1.2816041848299913,1.922406277244987,3.524411508282476,12.816041848299912,0.0,0.0,0.0,0.0,0.0,0.0,0.0,0.0,0.0,0.0,55.0,0.0,0.0,0.0,0.0,0.0,0.0,0.0,0.0,49.0,0.0,47.0,0.0,0.0,0.0,0.0,41.0,0.0,0.0
2021-01-01,0,15,0,0,51,0.0,7.0,24.0,2.0,0.0,26.0,34.0,0.0,0.0,11.333333333333332,0.0,20.0,0.0,10.0,2.0,90.0,4.805194805194804,0.0,0.0,7.142857142857142,2.0509977827050996,0.2929996832435856,0.0,0.17579980994615138,0.0,0.0,0.5534438461267729,0.0,0.8789990497307568,5.176327737303346,1.1719987329743424,0.5859993664871712,0.4185709760622652,1.5905697090366075,3.9345671749852924,0.0,0.0,0.0,0.0,0.0,46.0,0.0,0.0,32.0,0.0,43.0,0.0,0.0,0.0,0.0,0.0,0.0,0.0,0.0,0.0,0.0,58.0,0.0,0.0,0.0,0.0,36.0,0.0,0.0
2021-02-01,0,36,0,0,21,0.0,0.0,25.0,0.0,0.0,13.0,22.0,0.0,0.0,26.0,0.0,38.0,0.0,5.0,0.0,47.0,1.607142857142857,0.0,0.0,4.7023809523809526,1.0275175644028103,0.2634660421545667,0.0,0.10538641686182669,0.06199200991872158,0.0,0.7129081140652982,0.0,0.2634660421545667,2.195550351288056,0.4830210772833723,0.2634660421545667,0.37638006022080955,0.865674138507862,2.484108397457343,0.0,0.0,0.0,0.0,0.0,0.0,0.0,0.0,96.0,0.0,36.0,1.0,0.0,0.0,0.0,0.0,0.0,0.0,0.0,0.0,0.0,53.0,0.0,0.0,0.0,0.0,34.0,0.0,0.0
2021-03-01,0,30,0,0,21,0.0,0.0,100.0,5.0,0.0,65.0,155.0,0.0,0.0,23.571428571428573,0.0,18.571428571428573,0.0,25.0,5.0,235.0,9.593023255813954,0.0,0.0,16.569767441860467,5.055782526712759,0.7778126964173475,0.2592708988057825,1.03708359522313,0.0,0.0,2.0223130106851035,0.0,1.1667190446260212,8.555939660590823,1.944531741043369,0.38890634820867376,0.9074481458202388,2.5927089880578253,7.648491514770584,0.0,0.0,0.0,0.0,0.0,33.0,0.0,0.0,0.0,0.0,34.0,0.0,0.0,0.0,0.0,0.0,0.0,0.0,0.0,0.0,0.0,45.0,0.0,0.0,0.0,0.0,32.0,0.0,0.0
2021-04-01,0,21,0,0,41,0.0,4.0,51.0,5.0,0.0,55.0,145.0,0.0,0.0,20.0,0.0,23.571428571428573,0.0,20.0,5.0,280.0,7.9411764705882355,0.0,0.0,18.823529411764707,8.07135969141755,0.390549662487946,0.0,0.390549662487946,0.3124397299903568,0.0,0.4686595949855352,0.0,0.781099324975892,10.54484088717454,2.733847637415622,3.124397299903568,0.7439041190246589,2.826835652293704,8.182945309271249,0.0,0.0,0.0,0.0,0.0,0.0,0.0,0.0,80.0,0.0,33.0,1.0,0.0,0.0,0.0,0.0,0.0,0.0,0.0,0.0,0.0,57.0,0.0,0.0,0.0,0.0,45.0,0.0,0.0
2021-05-01,0,30,0,0,60,0.0,2.0,42.0,4.0,0.0,56.0,88.0,0.0,0.0,32.0,0.0,31.200000000000003,0.0,16.0,0.0,196.0,5.485714285714286,0.0,0.0,16.228571428571428,4.165079365079365,0.7111111111111111,0.6095238095238096,0.0,0.0,0.0,0.41481481481481486,0.0,1.4222222222222223,11.804444444444444,1.28,0.5688888888888889,1.592888888888889,2.048,5.802666666666667,0.0,0.0,0.0,0.0,0.0,49.0,0.0,0.0,71.0,0.0,39.0,0.0,0.0,0.0,0.0,0.0,0.0,0.0,0.0,0.0,0.0,65.0,0.0,0.0,0.0,0.0,45.0,0.0,0.0
2021-06-01,0,16,0,0,63,0.0,0.0,27.0,0.0,0.0,14.0,19.0,0.0,0.0,28.0,0.0,46.0,0.0,4.0,1.0,44.0,1.3134328358208955,0.0,0.0,3.9402985074626864,1.045385318306427,0.32165702101736215,0.0,0.0,0.0,0.0,0.07658500500413384,0.0,0.44227840389887296,2.2918062747487054,0.5628997867803838,0.48248553152604323,0.2894913189156259,0.9971367651538227,1.8334450197989642,0.0,0.0,0.0,0.0,0.0,0.0,0.0,0.0,40.0,0.0,37.0,0.0,0.0,0.0,0.0,0.0,0.0,0.0,0.0,53.0,0.0,36.0,0.0,0.0,0.0,0.0,33.0,0.0,0.0
2021-07-01,0,60,0,0,60,0.0,3.0,37.0,6.0,0.0,72.0,120.0,0.0,0.0,39.0,0.0,20.25,0.0,18.0,6.0,246.0,12.521739130434783,0.0,0.0,23.869565217391305,4.938150642988365,1.7636252296387016,0.8818126148193508,0.0,0.0,0.0,0.0,0.0,2.015571691015659,13.857055375732655,3.275303997900446,2.771411075146531,3.563242810902682,5.146906282414985,12.471349838159387,0.0,0.0,0.0,0.0,0.0,0.0,0.0,0.0,60.0,0.0,37.0,0.0,0.0,0.0,0.0,0.0,0.0,0.0,0.0,0.0,0.0,62.0,0.0,0.0,0.0,0.0,28.0,0.0,0.0
2021-08-01,0,31,0,0,71,0.0,2.0,37.0,0.0,0.0,11.0,22.0,0.0,0.0,42.0,0.0,31.0,0.0,3.0,1.0,44.0,1.8,0.0,0.0,3.8666666666666667,1.1213114754098361,0.20655737704918034,0.0,0.0,0.0,0.0,0.28166915052160957,0.0,0.3614754098360656,2.6336065573770493,1.0327868852459017,0.2581967213114754,0.3688524590163934,1.3647540983606556,1.8442622950819672,0.0,0.0,0.0,0.0,0.0,0.0,0.0,0.0,64.0,0.0,39.0,1.0,0.0,0.0,0.0,0.0,0.0,0.0,0.0,48.0,0.0,60.0,0.0,0.0,0.0,0.0,34.0,0.0,0.0
2021-09-01,0,22,0,0,77,0.0,7.0,38.0,2.0,0.0,20.0,38.0,0.0,0.0,29.333333333333332,0.0,19.333333333333332,0.0,6.0,2.0,86.0,4.085106382978723,0.0,0.0,11.489361702127658,2.099290780141844,0.0,0.0,0.3971631205673759,0.0,0.0,4.0,0.0,11.0,48.0,23.0,6.0,8.0,23.333333333333332,34.666666666666664,0.0,0.0,0.0,0.0,0.0,0.0,0.0,0.0,0.0,0.0,44.0,0.0,0.0,0.0,0.0,0.0,0.0,0.0,0.0,0.0,0.0,33.0,0.0,0.0,0.0,0.0,36.0,0.0,0.0
2021-10-01,0,59,0,0,49,0.0,0.0,47.0,4.0,0.0,52.0,64.0,0.0,0.0,29.333333333333332,0.0,18.0,0.0,12.0,4.0,168.0,9.191489361702127,0.0,0.0,19.404255319148934,5.446808510638297,1.0212765957446808,0.4539007092198581,0.0,0.0,0.0,1.3617021276595744,0.0,0.851063829787234,7.829787234042553,2.0425531914893615,2.723404255319149,0.9078014184397164,3.8905775075987843,7.003039513677812,0.0,0.0,0.0,0.0,0.0,40.0,0.0,0.0,23.0,0.0,83.0,1.0,0.0,0.0,0.0,0.0,0.0,0.0,0.0,56.0,0.0,46.0,0.0,0.0,0.0,0.0,41.0,0.0,0.0
2021-11-01,0,0,0,0,46,0.0,3.0,35.0,5.0,0.0,60.0,80.0,0.0,0.0,22.142857142857142,0.0,29.285714285714285,0.0,20.0,5.0,220.0,10.357142857142858,0.0,0.0,35.714285714285715,5.736263736263737,0.0,0.0,0.6373626373626374,6.0,0.0,0.0,0.0,12.0,49.0,13.0,5.0,7.857142857142858,15.714285714285715,37.142857142857146,0.0,0.0,0.0,0.0,0.0,0.0,0.0,0.0,66.0,0.0,58.0,0.0,0.0,0.0,0.0,0.0,0.0,0.0,0.0,0.0,0.0,34.0,0.0,0.0,0.0,0.0,34.0,0.0,0.0
2021-12-01,0,22,0,0,87,0.0,0.0,36.0,4.0,0.0,48.0,52.0,0.0,0.0,18.666666666666664,0.0,24.666666666666664,0.0,12.0,4.0,172.0,8.0,0.0,0.0,16.5,4.845070422535211,1.1267605633802817,0.7887323943661972,0.676056338028169,0.0,0.0,0.6628003314001657,0.0,1.8779342723004697,8.450704225352114,1.8779342723004697,0.7511737089201879,1.001564945226917,1.5023474178403755,7.636932707355243,0.0,0.0,0.0,0.0,0.0,0.0,0.0,0.0,0.0,0.0,46.0,2.0,0.0,0.0,0.0,0.0,0.0,0.0,0.0,0.0,0.0,23.0,0.0,0.0,0.0,0.0,41.0,0.0,0.0
2022-01-01,0,53,0,0,48,0.0,3.0,36.0,3.0,0.0,24.0,54.0,0.0,0.0,25.0,0.0,37.0,0.0,9.0,3.0,126.0,6.260869565217392,0.0,0.0,14.869565217391305,3.391304347826087,0.2608695652173913,0.17391304347826086,0.6956521739130435,0.0,0.0,0.13043478260869565,0.0,1.0434782608695652,7.304347826086956,2.0869565217391304,0.0,6.0,24.0,59.0,0.0,0.0,0.0,0.0,0.0,0.0,0.0,0.0,45.0,0.0,37.0,0.0,0.0,0.0,0.0,0.0,0.0,0.0,0.0,93.0,0.0,54.0,0.0,0.0,0.0,0.0,45.0,0.0,0.0
2022-02-01,0,46,0,0,37,0.0,3.0,50.0,4.0,0.0,44.0,88.0,0.0,0.0,12.0,0.0,36.0,0.0,12.0,4.0,164.0,9.551020408163264,0.0,0.0,22.285714285714285,5.3181818181818175,0.8682745825602968,0.2170686456400742,0.6512059369202226,0.0,0.0,2.4187649085608265,0.0,0.5209647495361781,11.113914656771799,4.167717996289425,1.5628942486085342,1.1366503626243885,4.120357564513408,8.524877719682914,0.0,0.0,0.0,0.0,0.0,0.0,0.0,0.0,65.0,0.0,53.0,1.0,0.0,0.0,0.0,0.0,0.0,0.0,0.0,65.0,0.0,66.0,0.0,0.0,0.0,0.0,32.0,0.0,0.0
2022-03-01,0,14,0,0,99,0.0,3.0,54.0,6.0,0.0,66.0,114.0,0.0,0.0,24.75,0.0,33.75,0.0,18.0,0.0,258.0,17.16279069767442,0.0,0.0,35.58139534883721,9.807308970099669,1.8860209557883978,0.0,0.9430104778941989,0.35362892921032457,0.0,3.418412982366471,0.0,2.2003577817531306,24.20393559928444,6.286736519294659,3.4577050856120626,1.9758314774926071,5.680515497791245,19.75831477492607,0.0,0.0,0.0,0.0,0.0,69.0,0.0,0.0,56.0,0.0,39.0,0.0,0.0,0.0,0.0,0.0,0.0,0.0,0.0,32.0,0.0,72.0,0.0,0.0,0.0,0.0,35.0,0.0,0.0
2022-04-01,0,49,0,0,81,0.0,2.0,49.0,1.0,0.0,8.0,28.0,0.0,0.0,16.5,0.0,20.5,0.0,2.0,1.0,60.0,2.3076923076923075,0.0,0.0,4.256410256410256,1.1769230769230767,0.11538461538461538,0.0,0.06923076923076922,0.07692307692307693,0.0,0.16666666666666666,0.0,0.1923076923076923,3.846153846153846,0.9230769230769229,0.1923076923076923,0.2472527472527472,0.5769230769230769,1.703296703296703,0.0,0.0,0.0,0.0,0.0,30.0,0.0,0.0,92.0,0.0,34.0,1.0,0.0,0.0,0.0,0.0,0.0,0.0,0.0,0.0,0.0,52.0,0.0,0.0,0.0,0.0,49.0,0.0,0.0
2022-05-01,0,22,0,0,72,0.0,3.0,39.0,5.0,0.0,55.0,115.0,0.0,0.0,46.66666666666667,0.0,28.333333333333336,0.0,15.0,0.0,205.0,15.75,0.0,0.0,35.25,7.451612903225806,1.3548387096774193,0.846774193548387,0.0,0.0,0.0,0.31265508684863524,0.0,1.8967741935483868,19.238709677419354,5.6903225806451605,1.3548387096774193,1.5483870967741935,4.451612903225806,13.161290322580644,0.0,0.0,0.0,0.0,0.0,52.0,0.0,0.0,59.0,0.0,39.0,1.0,0.0,0.0,0.0,0.0,0.0,0.0,0.0,0.0,0.0,37.0,0.0,0.0,0.0,0.0,33.0,0.0,0.0
2022-06-01,0,36,0,0,100,0.0,0.0,57.0,4.0,0.0,48.0,80.0,0.0,0.0,41.6,0.0,32.0,0.0,12.0,4.0,168.0,10.909090909090908,0.0,0.0,24.27272727272727,6.741573033707865,1.4708886618998978,0.49029622063329925,0.612870275791624,0.0,0.0,0.9560776302349336,0.0,2.7316503720998098,13.448124908799064,6.513935502699547,1.681015613599883,1.8491171749598714,4.538742156719684,12.775718663359111,0.0,0.0,0.0,0.0,0.0,37.0,0.0,0.0,27.0,0.0,39.0,0.0,0.0,0.0,0.0,0.0,0.0,0.0,0.0,65.0,0.0,54.0,0.0,0.0,0.0,0.0,45.0,0.0,0.0
2022-07-01,0,14,0,0,56,0.0,5.0,54.0,10.0,0.0,55.0,110.0,0.0,0.0,45.38461538461539,0.0,25.384615384615387,0.0,20.0,10.0,430.0,21.538461538461537,0.0,0.0,49.230769230769226,10.540098199672666,2.062193126022913,0.0,0.4582651391162029,0.0,0.0,1.6497545008183305,0.0,3.0932896890343695,23.027823240589196,9.279869067103109,3.0932896890343695,2.062193126022913,7.990998363338789,11.599836333878887,0.0,0.0,0.0,0.0,0.0,20.0,0.0,0.0,45.0,0.0,42.0,0.0,0.0,0.0,0.0,0.0,0.0,0.0,0.0,41.0,0.0,45.0,0.0,0.0,0.0,0.0,55.0,0.0,0.0
2022-08-01,0,19,0,0,53,0.0,4.0,48.0,7.0,0.0,56.0,168.0,0.0,0.0,38.111111111111114,0.0,22.555555555555557,0.0,21.0,7.0,301.0,18.5,0.0,0.0,46.0,7.445121951219512,0.0,0.9024390243902439,1.579268292682927,0.0,0.0,3.0,0.0,10.0,68.0,24.0,8.0,9.454545454545455,21.09090909090909,34.90909090909091,0.0,0.0,0.0,0.0,0.0,0.0,0.0,0.0,28.0,0.0,58.0,0.0,0.0,0.0,0.0,0.0,0.0,0.0,0.0,0.0,0.0,60.0,0.0,0.0,0.0,0.0,36.0,0.0,0.0
2022-09-01,0,30,0,0,75,0.0,6.0,42.0,0.0,0.0,7.0,21.0,0.0,0.0,46.0,0.0,30.0,0.0,3.0,1.0,40.0,2.1346153846153846,0.0,0.0,4.730769230769231,1.2344763670064873,0.05143651529193698,0.0,0.05143651529193698,0.08572752548656164,0.0,0.1886005560704356,0.0,0.30861909175162183,2.7775718257645967,1.1316033364226135,0.3600556070435588,0.4400679641643497,1.2001853568118628,2.2403459993821437,0.0,0.0,0.0,0.0,0.0,19.0,0.0,0.0,70.0,0.0,72.0,0.0,0.0,0.0,0.0,0.0,0.0,0.0,0.0,33.0,0.0,46.0,0.0,0.0,0.0,0.0,32.0,0.0,0.0
2022-10-01,0,24,0,0,57,0.0,3.0,40.0,6.0,0.0,54.0,102.0,0.0,0.0,24.0,0.0,26.25,0.0,18.0,6.0,234.0,15.906976744186048,0.0,0.0,30.13953488372093,7.672777017783859,0.3742818057455541,0.5614227086183311,0.0,0.0,0.0,1.1228454172366622,0.0,0.9357045143638852,9.357045143638851,2.9942544459644327,0.7485636114911082,0.7485636114911082,3.742818057455541,8.23419972640219,0.0,0.0,0.0,0.0,0.0,0.0,0.0,0.0,47.0,0.0,71.0,2.0,0.0,0.0,0.0,0.0,0.0,0.0,0.0,0.0,0.0,36.0,0.0,0.0,0.0,0.0,41.0,0.0,0.0
2022-11-01,0,12,0,0,46,0.0,0.0,31.0,0.0,0.0,8.0,16.0,0.0,0.0,73.0,0.0,38.0,0.0,2.0,0.0,36.0,2.129032258064516,0.0,0.0,4.580645161290322,1.150828247602441,0.1150828247602441,0.05754141238012205,0.05754141238012205,0.06576161414871091,0.0,0.19728484244613276,0.0,0.3068875326939843,1.8796861377506537,0.4219703574542284,0.1150828247602441,0.14385353095030512,0.5178727114210985,1.5823888404533564,0.0,0.0,0.0,0.0,0.0,0.0,0.0,0.0,100.0,0.0,40.0,1.0,0.0,0.0,0.0,0.0,0.0,0.0,0.0,0.0,0.0,36.0,0.0,0.0,0.0,0.0,42.0,0.0,0.0
2022-12-01,0,24,0,0,74,0.0,0.0,36.0,4.0,0.0,28.0,76.0,0.0,0.0,66.66666666666666,0.0,21.333333333333332,0.0,8.0,4.0,148.0,7.483870967741935,0.0,0.0,20.903225806451612,4.0821114369501466,0.0,0.34017595307917886,0.6803519061583577,9.0,0.0,6.0,0.0,12.0,46.0,15.0,6.0,6.75,15.0,35.25,0.0,0.0,0.0,0.0,0.0,0.0,0.0,0.0,18.0,0.0,43.0,1.0,0.0,0.0,0.0,0.0,0.0,0.0,0.0,0.0,0.0,27.0,0.0,0.0,0.0,0.0,41.0,0.0,0.0
2023-01-01,0,24,0,0,69,0.0,0.0,38.0,0.0,0.0,9.0,17.0,0.0,0.0,82.0,0.0,27.0,0.0,2.0,0.0,32.0,1.75,0.0,0.0,4.875,1.0,0.0,0.08333333333333333,0.1111111111111111,4.0,0.0,11.0,0.0,13.0,57.0,25.0,3.0,4.5,16.5,37.5,0.0,0.0,0.0,0.0,0.0,13.0,0.0,0.0,23.0,0.0,57.0,0.0,0.0,0.0,0.0,0.0,0.0,0.0,0.0,0.0,0.0,15.0,0.0,0.0,0.0,0.0,38.0,0.0,0.0
2023-02-01,0,24,0,0,69,0.0,4.0,36.0,4.0,0.0,36.0,92.0,0.0,0.0,28.0,0.0,18.400000000000002,0.0,12.0,0.0,160.0,10.829268292682926,0.0,0.0,26.048780487804876,5.349397590361445,0.6523655598001763,0.0,1.3047311196003526,0.28994024880007835,0.0,1.957096679400529,0.0,2.174551866000588,14.569497502203937,3.2618277990008817,2.3920070526006465,2.3920070526006465,3.7588682255153016,9.397170563788254,0.0,0.0,0.0,0.0,0.0,0.0,0.0,0.0,0.0,0.0,53.0,1.0,0.0,0.0,0.0,0.0,0.0,0.0,0.0,0.0,0.0,45.0,0.0,0.0,0.0,0.0,36.0,0.0,0.0
2023-03-01,0,9,0,0,57,0.0,4.0,35.0,4.0,0.0,28.0,84.0,0.0,0.0,23.333333333333332,0.0,26.666666666666664,0.0,8.0,4.0,168.0,7.272727272727273,0.0,0.0,19.87878787878788,5.026737967914439,0.5347593582887701,0.0,1.1764705882352942,0.0,0.0,3.609625668449198,0.0,1.6042780748663101,10.87344028520499,9.090909090909092,1.2477718360071302,1.3864131511190336,2.0796197266785503,6.654783125371361,0.0,0.0,0.0,0.0,0.0,28.0,0.0,0.0,72.0,0.0,54.0,1.0,0.0,0.0,0.0,0.0,0.0,0.0,0.0,0.0,0.0,43.0,0.0,0.0,0.0,0.0,75.0,0.0,0.0
2023-04-01,0,21,0,0,58,0.0,4.0,40.0,5.0,0.0,45.0,150.0,0.0,0.0,28.571428571428573,0.0,25.0,0.0,10.0,5.0,235.0,12.857142857142858,0.0,0.0,31.785714285714285,7.232142857142858,0.0,0.8035714285714286,0.6428571428571429,0.0,0.0,20.0,0.0,9.0,99.0,18.0,8.0,8.0,17.6,43.2,0.0,0.0,0.0,0.0,0.0,15.0,0.0,0.0,56.0,0.0,47.0,1.0,0.0,0.0,0.0,0.0,0.0,0.0,0.0,0.0,0.0,32.0,0.0,0.0,0.0,0.0,100.0,0.0,0.0
2023-05-01,0,36,0,0,12,0.0,3.0,45.0,6.0,0.0,60.0,144.0,0.0,0.0,36.0,0.0,29.25,0.0,12.0,6.0,234.0,10.054054054054054,0.0,0.0,27.243243243243246,6.032432432432432,0.8617760617760617,0.7181467181467182,0.28725868725868725,0.0,0.0,0.9401193401193401,0.0,2.5853281853281853,15.51196911196911,6.032432432432432,1.508108108108108,2.1783783783783783,3.5189189189189185,9.886486486486485,0.0,0.0,0.0,0.0,0.0,0.0,0.0,0.0,38.0,0.0,37.0,1.0,0.0,0.0,0.0,0.0,0.0,0.0,0.0,0.0,0.0,38.0,0.0,0.0,0.0,0.0,57.0,0.0,0.0
